Abel Maclead,631-335-3414
Albina Glick,732-924-7882
Alisha Slusarski,732-658-3154
Alishia Sergi,212-860-1579
Allene Iturbide,715-662-6764
Amber Monarrez,215-934-8655
Ammie Corrio,614-801-9788
Arlette Honeywell,904-775-4480
Art Venere,856-636-8749
Bernardo Figeroa,936-336-3951
Bette Nicka,610-545-3615
Blair Malet,215-907-9111
Blondell Pugh,401-960-8259
Bobbye Rhym,650-528-5783
Brock Bolognia,212-402-9216
Cammy Albares,956-537-6195
Carma Vanheusen,510-503-7169
Carmelina Lindall,303-724-7371
Cecily Hollack,512-486-3817
Chanel Caudy,913-388-2079
Cory Gibes,626-572-1096
Danica Bruschke,254-782-8569
Deeanna Juhas,215-211-9589
Delisa Crupi,973-354-2040
Delmy Ahle,401-458-2547
Devorah Chickering,505-975-8559
Dominque Dickerson,510-993-3758
Donette Foller,513-570-1893
Dyan Oldroyd,913-413-4604
Elly Morocco,814-393-5571
Elvera Benimadho,408-703-8505
Elza Lipke,973-927-3447
Emerson Bowley,608-336-7444
Erick Ferencz,907-741-1044
Ernie Stenseth,201-709-6245
Ezekiel Chui,410-669-1642
Fatima Saylors,952-768-2416
Fletcher Flosi,815-828-2147
Francine Vocelka,505-977-3911
Gladys Rim,414-661-9598
Graciela Ruta,440-780-8425
Ilene Eroman,410-914-9018
Jamal Vanausdal,732-234-1546
James Butt,504-621-8927
Jina Briddick,617-399-5124
Johnetta Abdallah,919-225-9345
Jose Stockham,212-675-8570
Josephine Darakjy,810-292-9388
Kallie Blackwood,415-315-2761
Kanisha Waycott,323-453-2780
Karl Klonowski,908-877-6135
Kati Rulapaugh,785-463-7829
Kiley Caldarera,310-498-5651
Kris Marrier,410-655-8723
Lai Gato,847-728-7286
Laurel Reitler,410-520-4832
Lavera Perin,305-606-7291
Lenna Paprocki,907-385-4412
Leota Dilliard,408-752-3500
Lettie Isenhower,216-657-7668
Lisha Centini,703-235-39
Lorrie Nestle,931-875-6644
Malinda Hochard,317-722-5066
Marjory Mastella,610-814-5533
Maryann Royster,518-966-7987
Mattie Poquette,602-277-4385
Maurine Yglesias,414-748-1374
Meaghan Garufi,931-313-9635
Micaela Rhymes,925-647-3298
Minna Amigon,215-874-1229
Mitsue Tollner,773-573-6914
Moon Parlato,585-866-8313
Myra Munns,817-914-7518
Natalie Fern,307-704-8713Penney Weight,907-797-9628
Roxane Campain,907-231-4722
Rozella Ostrosky,805-832-6163
Sabra Uyetake,803-925-5213
Sage Wieser,605-414-2147
Shenika Seewald,818-423-4007
Simona Morasca,419-503-2484
Solange Shinko,504-979-9175
Stephaine Barfield,310-774-7643
Stephen Emigh,330-537-5358
Tamar Hoogland,740-343-8575
Tammara Wardrip,650-803-1936
Tawna Buvens,212-674-9610
Timothy Mulqueen,718-332-6527
Tonette Wenner,516-968-6051
Tyra Shields,215-255-1641
Valentine Gillian,210-812-9597
Vallie Mondella,208-862-5339
Veronika Inouye,408-540-1785
Viva Toelkes,773-446-5569
Wilda Giguere,907-870-5536
Willard Kolmetz,972-303-9197
Willow Kusko,212-582-4976
Youlanda Schemmer,541-548-8197
Yuki Whobrey,313-288-7937
