Mark Barnes,8852078124
Cecile Bates,7187800380
William Alderson,7123403022
Andrew Hanson,6986503592
Branden Fernandez,8128078894
Marisol Reitz,9000048284
Ava Freiler,8934120693
Sonia Franklin,8375003626
John Evans,9887334713
Hannah Bone,7750454657
Steven Goods,8997777400
Tiffany Nelson,6882686435
Ina Hall,7514580276
Edgardo Frost,7230485905
Missy Cole,9807541317
James Monroe,6796420236
Geraldine King,7183751674
Linda Haar,8124742639
James Raines,8226312290
Maria Syrett,8028234448
Bernice Berube,8372399088
Ida Reif,8040016796
Danny Pitcherello,9376563856
Robert Phillips,7193779205
Linda Perkins,6705627490
Winnie Leach,8705570484
Lonnie Ham,9502439980
Robert Knauss,6957139928
Linda Zeringue,9657938393
David Lopez,8155393889
Andrew Faron,6860225206
Elizabeth Parsons,9993453306
Shelia Rothrock,9473614309
Sally Hyde,8656789458
David Shelton,8921501784
Johnna Khalid,7271459334
Lyman Friou,8381785237
Timothy Thomas,6852642068
Henry Roberts,7848259101
Tina Mccaskill,7772952488
Nancy Cruz,7055389467
Susan Harrell,9143307198
Matthew Kahler,9451300222
Michael Villagomez,9683384020
Lawrence Polite,8367305622
Sharon Hawk,7526595770
Beverly Schwandt,9136691672
Mary Yahna,6683829603
Sheila Shemwell,7154138857
Sheila Mahn,9478596207
Cynthia Severance,7485175254
Kelvin Wilson,9666584161
Adam Hebert,9997639062
Charles Cole,8726621253
Teresa Zimmerman,7710409228
Mabel Heelan,9986791012
Randall Clark,9126384178
Donald Rashid,7597353161
Carmella Cosby,9540562970
Gary Oles,8836032220
Yun Winograd,9327546463
Michael Rossin,6743630380
David Santiago,7922482882
Buddy Campbell,7608679921
Janet Villa,6883441727
Ralph Moe,8945805576
Jason Scott,8352803948
Agatha Snedegar,6707831233
Mari Lahr,8522314702
Simone Taylor,6784526325
Alyce Herrera,9380207825
Robert Davis,7837875139
Shawn Dowell,8624206576
Mauro Watkins,7546336272
Daryl Deveau,6886796208
Edward Rothrock,6941655254
David Gribbin,7106151904
Neil Brown,9337108646
Cecil Kelley,8691077525
Hector Capozzoli,6665401844
Colby Showman,8738541654
Jennifer Conley,8225414582
Emilio Simon,9562758457
Jorge Monroy,7081610275
Dwight Donohue,9868389380
Josie Powell,7040906068
Jonathan Burkholder,7484632802
Norma Conley,9491319680
Alton Kirkpatrick,7742143489
Joshua Sanchez,9120909593
Douglas Harris,6773144028
Steven Maguire,9773480503
Hector Loew,8868445611
Ida Brown,9678554834
Brian Clemons,7030137750
Jean Steuer,7751260243
Mary Butcher,9824140095
Leon Vernon,8363188556
Manuel Dow,6831359902
Eve Bridgeman,6897566969
Rae Fournier,8202877108
Burl Yazzie,9027659494
Joe Debartolo,8600666952
Jacob Schaefer,9301020070
Fred Fernandez,8430246092
Rose Dorf,6803284409
Thelma Turner,9190993528
Mary Hester,7755404705
Jeffrey Robbins,8557486166
Mary Lee,8978294440
Lucy Burrell,7028779042
Anthony Lee,7232763126
Tiffany Boucher,7140304617
Cornelia Beattie,8990303179
Sarah Wiltshire,7433904551
Stephen Verhaag,7006929408
Daniel Bernardo,8757735735
Katherine Joyner,8661213560
Thomas Inman,6673393960
Melissa Levine,9143944271
Lavon Smith,9880430713
Bertha Johnson,7094859203
Jonathan Brown,8878343977
Anthony Dunneback,7192921313
Milton Caldwell,8227657181
Perry Parnell,9531455502
Adeline Smitherman,6711289768
Ruby Hawkins,9015157958
David Rhudy,9796139638
Rosalina Byrom,7108140751
Ronald Compton,8378396990
William Gooden,9025700607
Sara Odell,9491633926
James Snowden,6701275800
Gina Riesner,8234501700
Angelina Shakir,8196845026
Jeanine Little,8935342292
Clifford Windly,8137167759
Dorothy Wilke,9423319494
Madeline Pera,7457293057
William Wald,9268161220
Linda Brantley,8277647320
Cecile Ellington,8484433409
Phillip Horan,8644396791
Lyla Hill,6808112881
Lula Chouteau,8681982827
Judy Veltre,9082212508
Michelle Pitcock,7035749060
William Johnson,6951705785
Nellie Valdez,9006677109
Shawn Curry,8416608564
Douglas Garza,8318245777
Wendy Madison,9262531515
Mark Mcanulty,7741073742
Leonard Anderson,8750540795
James Ledet,7083581006
Harry Ware,7080604690
Cindy Blackmer,8354014114
Vivian Parks,7353801835
Leon Regalado,9685663233
Dennis Tapia,8882387927
Tara Walters,9558086072
Curtis Lavine,8913141574
Jeremy Harrison,8917265891
Eve Ashford,9361592182
Iris Goodwin,8871052479
Maria Mehtani,7915182972
Jean Pack,8623954560
Reginald Johnson,8812869958
Elizabeth Oswalt,9914844409
Lawrence Centeno,9174147419
Sonya Mastroianni,9073581403
Suzanna Johnson,8790096479
Lucas Wallace,7612603281
Lane Korsmeyer,7408263847
Shelby Sturm,8143622400
William Scoggins,9317024108
Amy Richter,7665926883
Susan Williams,9376648204
Cynthia Garkow,8031196446
Pamela Duryea,8448274144
Joseph Casey,9076915582
Florence Pacheco,8786130573
Larry Mullins,7117193385
Monique Gibson,7780844415
Lino Robinson,7670104697
Kathleen Holmes,6888608063
Micheal Nakagawa,8312456302
Bonnie Ames,9374169001
Nicholas Martin,7754167257
Ann Shuler,9423251459
Jessie Dolfi,9783252119
Victoria Fulton,9997071944
Mildred Schusterman,9797234267
Pamela Black,6997495915
Christopher Nelson,7325366646
Eugene Rodriguez,9450536893
Robin Flowers,8588733376
Jeffrey Johnson,9592749783
David Akin,7815652237
Jose Fenwick,7282163635
Betty Babb,9578776136
Ruby Bergman,9976134621
Mary Nalevanko,7155966115
Margarito Preston,8300823714
Michael Jones,6928048692
Barbara Whittmore,6753879905
Julius Hunt,7440063515
Annette Lopez,9051162541
Glenn Golding,9114482058
Eric Johnson,8344725922
Jesse Manning,9976747388
Alonzo Burr,7683096370
Hector Mccormick,8468868133
Donna Przedwiecki,7063771475
Kenneth Faustini,7512751699
Nicholas Venhorst,9262688899
Charles Mercier,7765863321
Monica Olivero,9727517792
Kimberly Martinez,9986681070
Bruce Roscoe,8044899462
Melinda Carr,8340743012
Walter Tanner,8615129718
Richard Beene,7498668967
Beverly Williams,9897395788
Jean Ballard,7786937491
Jason Chrisco,9363862600
Patricia Dukes,8180692207
Peggy Robinson,8402394139
Florentina Radune,8271223846
Kimberly Welk,7083566844
Felecia Wynia,7767574981
William Thomason,8943199172
Darrell Rodriquez,7880401603
Madeleine Ellis,7210281195
Melissa Dadson,8162769454
Cary Davis,9937606471
Tiffany Cook,9717812229
Maria Tart,9597033594
Jerry Griffin,9121150653
Michael Harding,6775932972
David Johnston,9882332158
Alia Petitti,8752872826
Carl Zamarripa,9818452399
Carolyn Dixon,7262285901
Michael Parker,8891204243
Garland Sheroan,7643986251
Pedro Krammes,9571663215
Caroline Hall,8221410919
Mario Fedele,8738629495
Bart Sibbett,9866151316
Randy Cannon,6815171625
Vicki Moore,8881369839
Barbara Friedman,7581192265
Susan Mott,9577456040
Jeffrey Shepherd,9104439070
Lori Ledbetter,7637051410
Sheila Lloyd,8046330565
Ruth Fung,9880720310
Susan Bryce,7804229955
Ella Washington,9133837872
Kathy Owston,6900927442
Richard Sullivan,8371816598
William Lawson,7198447982
Tamara Gower,8194225792
Juanita Vaughn,9354510300
Frederick Maass,7395365660
Dolly Ortiz,9464121248
Warren Roberts,7434914297
Debra Wasson,8522374662
Jerald Lynn,7506235096
Michael Chavez,7342968730
Joseph Curry,8713054396
Warren Smith,8778694740
Michael Howard,9503159960
Charles Barragan,8655599522
Joan Oneill,7695569246
Majorie Clark,7340672756
Betty Carr,7576124281
Gary Skidmore,9917509264
Mark Maxwell,7476080875
Anthony Johnson,9333792917
Daisy Crain,9087420826
Jon Aguilar,9266761343
Arnold Edemann,9751504557
Barbara Bennett,7395553326
Maria Berry,7931807992
Velma Hodges,9761484850
Jacob Ferra,7433989975
Donald Johnson,9381703317
Howard Bergesen,8560275293
Vincent Mora,8390267756
Susan Key,7886684167
Arlie Smith,7502066945
Denise Mcgeorge,9817150858
Jeffrey Bass,7455285927
Pamela Finnegan,7705325643
Yvette Trippel,6867720207
Gregg Boggioni,7721347763
Elsie Perdue,7027145622
John Taylor,8945414660
Deana Guyer,8277009449
Winifred Camacho,9255754767
Mike Trujillo,9167354825
Stacy Burns,7362768613
Adrienne Fleischmann,7676573278
Margaret Hight,7480420278
Dorothy White,7426526923
Mark Price,9916392019
Mary Meyers,8146778226
Sandy Stewart,8996360214
Kelly Webster,9336245498
Dulcie Parker,7334391620
Robert Rubins,7022787390
Lewis Cleckner,8068519893
Martina Schmelz,7272858494
Sue Overmyer,9037121692
Miles Badger,9275399932
Steven Kavanagh,8122019376
Ronald Curtis,9364130598
Eva Ellenberger,9172570203
Robert Lechner,7915746268
Jose Dwaileebe,7962638712
Tracey Gomez,9005458070
Mary Smith,8341035774
Sarah Buster,9110704906
Grace Wittner,9156796525
Kevin Bennett,8800984556
Michele Pichette,9580824043
Eloise Ganey,9573079089
Willie Gallegos,9035074093
Allen Trimpe,9716177768
James Sanges,7457495461
Michael Porter,9840252830
Melissa Roberge,9595747308
Chris Lane,9167182233
Cesar House,7702199866
Rosella Bradley,8555757549
Keith Matthews,7284758543
Elvira Sparks,9291155857
Daniel Crumpton,8945082931
Shannon Deen,7593185914
Michael Rutland,7497326373
Christopher Adams,9314230358
Heather Schneeman,9211183371
Earl Mader,7924135361
Isabelle Nickerson,8131420456
Richard Gullo,7797194282
Ralph Ferraro,9166551246
Peter Stinett,7350975165
Michael Helwig,8438782401
Henry Bailey,9351751040
Ann Schwalbe,8938400505
Randy Crafford,6723911818
Katherine Strickland,7484135268
Patricia Nguyen,9655980336
Christopher Depriest,9427898695
Jerry Silvers,8066334553
Heather Bloodworth,8831727418
Alexis Hernandez,9458322476
Robert Hayashi,8727634085
Hillary Drozd,7552307536
Kermit Downs,8681689227
Alpha Hernandez,7198576455
Richard Perez,7030087182
Willis Clynes,8437718425
Helen Hunt,6927116177
Haywood Banks,9221720596
Maxine Raschke,7698270702
Julie Lavoie,8396360571
Joe Lee,9955048939
Carlos French,7401876929
Austin Shaw,9262530893
Virginia Giese,7953492468
Celina Makin,7554420328
Bessie Strider,9217498569
Peter Walden,8913839715
Charles Hatch,8907432793
Joey Almond,6933202533
Lynn Adams,9051309458
Ramona Vanhoose,9828578010
Sylvia Hughes,9466030504
Paul Mcdonald,7840869315
Joseph Gustin,8767134962
Barbara Mason,9927581729
Tammie Clifton,7546143685
Constance Washington,9267408671
Donna Derentis,7887708789
Mary Engelhart,7591145082
David Howerton,8931872930
Sheila Jones,6951009178
Dorothy Harmon,8714672598
Trinity Lawrence,8164659521
Yolande Villa,7766080921
Ray Prentice,8447883423
Alan Lewis,9952195393
Amber Henry,8443130573
Claire Williams,9772272837
Roger Culver,7654422907
Katherine Chumley,9464907677
Kathy Wolff,9616602761
Arlen Mitchell,7350912861
Kelly Dang,7033267300
Frances Chaney,7211523417
Gerardo Bullard,9305874149
Robert Bright,9585613934
Sharyl Purcell,8196738378
Jimmy Griffith,9241026330
Michael Hernandez,7451356400
Jose Rodrigez,9515195206
Nancy Bryant,7643737378
Jackie Delarosa,8248698943
Elbert Mcfaddin,9495632374
Wilma Pickens,7716632918
Florence Arnold,7531023874
Elmer Roberts,6700933242
Mary Ellis,9595895707
Peggy Lozano,8485807581
Tiffany Skeen,7954911294
Matthew Riddick,7446685336
Betty Hogsett,8667488497
Jody Marshall,8213474556
Joseph Valdez,6894257089
Sharon Pawloski,8942906037
Tommy Waldren,6904100772
David Elston,6695041996
Leslie Duckworth,9555550634
Donald Siddall,9821543148
Angeline Hale,6844647290
Aaron Hodges,7310106447
Teresa Wilson,6782314063
Kevin Stephenson,6968191005
Nicholas Cain,8492705080
Charles Poole,7911101310
Arturo Posey,6682936669
Racheal Ries,8857560421
Martha Kerrigan,9158193771
Paul Mccrystal,8357544303
Juana Bartley,8918350364
Mauricio Adams,9541311585
Hilton Mcgraw,7861260089
Cheryl Amos,7216534598
Juana Reilly,7957116269
Charles Davis,9477965968
Tiffany Mai,9646011825
Lora Schradle,9417894091
Dwight Garcia,9706482549
Megan Helgeson,8722438580
Robert Phillips,9713940623
Jennifer Wood,9381512039
Violet Mahurin,9320271311
Christie Jarrell,7603791528
Brice Lee,7326787906
Theresa Potts,6965500600
Nikki Boshart,8885055406
Edward Bailey,9288525792
Sandra Cherry,8805623759
Sally King,7346857768
Justin Dillard,8753457203
Donald Brown,8951301417
Georgia Mason,9097284229
Charles Mccain,8052771594
Allen Morales,7782146157
Brandon Cranford,6842732912
Carl Ferguson,8362317995
Susan Rodriquez,6754975170
Andrew Fields,9136060551
Antonio Wellman,7553704147
Monica Alexander,9150204791
Russell Ruschmeyer,9895016375
Lynda Griffey,9084722808
Marshall Gross,9806071628
James Smisek,7330442396
Darrell Boonstra,9647374283
Mary Dolan,7547690522
Ruth Milligan,9138401198
James Booth,7585082505
Connie Hale,8616714658
Bobby Freeman,7425564256
Harold Adams,9385651601
John Guevara,9207235810
Tara Taranto,8782393116
Lindsay Furlong,7712205033
Charles Hutchingson,7620836930
Raven Slack,7873323828
Manuel Kingsbury,9772275383
Lorraine Campbell,9706920573
Margaret Fleury,8487059274
Gilbert Guthrie,9361391104
Dustin Hicks,7421917846
William Ferguson,6840193646
Keith Bicknell,8713542182
William Gross,7412524667
Nicolas Norrick,6862090835
Wilda Simpson,8534927085
Jessica Solarz,8290169802
Deanna Fabian,9584410894
Diane Glenn,9646525696
Cheryl Larsen,7283378130
Jessica Sykes,7975491127
Edwin Bennett,9542896894
Helen Cunningham,8780883008
Bobbye Mendoza,8821610732
Cheryl Ballard,6866486059
Charlie Lance,7753933768
Edward Priolo,9907732766
Susan Johnson,8610650566
John Wilson,6963660980
Gerald Rega,8572211235
William Richardson,8465422242
Daniel Holloway,9686872973
Jason Stewart,9015385959
Christine Kennedy,8830392744
Damien Suarez,8427369029
Barbara Powel,9541141129
Robert Harvey,8416602148
Benjamin Bates,8911174383
Jeffrey Romero,9896867608
Cathrine Poblete,9728479441
Robert Mattocks,7103023771
Leslie Wilson,9046794316
Robert Mcswain,9462419398
Beverly Luce,7671115686
Regina Laigle,9718367914
Sarah Rico,6846097697
Jack Beck,7566837688
Lois Joosten,9771895005
Walter Butler,7395798159
Barbara Turner,7120941065
William Glancy,8545802168
Carla Erickson,8673059676
Lela Shaw,9584500404
Mary Woods,8288022579
Dirk Carlson,6736622704
Ethel Wester,8746406234
Luther Moody,7405128998
Joseph Merritt,9791920292
Ashley Murphy,8997610059
James Green,7148583408
Ruth Posey,7180268425
Dennis Crandell,9256918005
Sonya Johnson,9515895272
Robert Strayer,7538284593
Ruby Canclini,8993252737
Dorothy Wilson,8042592074
Brady Farmer,9047717153
Autumn Rideau,7562076236
Raymond Hines,6817120241
Neil Martin,7290908695
Barbara Watkins,9714497014
Annie Kaiser,6970876113
Linda Cormier,9814197314
Barbara Crossley,8710454868
Mary Uribe,9250282338
Marina Washington,6891494720
Patricia Marcus,9417188370
Joel Gandy,7393374679
Robin Gray,6808210791
Ethel Kirchoff,7503970226
Mirna Burnett,8816679446
Charles Greenwood,7835821438
Latasha Iribarren,8714864767
Michelle Woodard,8186264800
Michael Horka,7071289376
Donna Strouse,7725523117
Sheila Dotson,7524185986
Michael Scott,8854413966
Virginia Evans,7481566044
Shana Locklear,9458293702
Jason Hale,8045531507
Michael Baldridge,8480525767
Russel Reine,8154151485
Rafael Nordin,8602900402
Timothy Mullins,7323313314
Timmy Johnson,8925721739
Juan Geer,8170432742
Reginald Agustin,8865090953
Bridget Burke,8955166193
David Rodriguez,6718888268
Steve Osborn,7038873444
Joy Ryan,8565100378
Tammie Brooks,7437714684
Lois Crump,8637175562
Jerrod Miera,6891861605
Erin Hibbard,6855845109
Joseph Burtner,8932246431
Timothy Hutchinson,9863699153
Fred Keegan,8627670295
Leon Wheelock,9927807249
Sharon Lim,8627525324
Whitney Burks,8445615362
Gary Kunkel,7125156489
Linda Pearson,8997709294
Adan Brogan,9435810197
Bruce Blanchard,8831779028
Nelson Sims,8012755854
Roy Flores,8663603548
Carmen Jimenez,8742527706
Robert Pratt,7674594872
Travis Williamston,9358464729
Christopher Casey,7080739213
Patricia Gatling,9060162227
Aaron Sands,7156827109
David Simpson,7247767612
Vanessa Brandes,9340162316
Gina Edmisten,8868204110
Arthur Ferrara,8180255905
Ryan Lapointe,8694497738
Hubert Morgan,7481803233
Robert Larimer,9931580943
Andrew Dampeer,9535103407
David Valencia,7100203645
Stephen Bennett,6893150378
Betty Feldman,8627243148
Kathy Moore,7666154360
Harlan Mohr,9446824571
Robert Tanner,9291720880
Robin Maxwell,8486009408
Timothy Robertson,7322708900
Antonio Harper,8302691065
Robert Flaherty,8040108374
Stephen Rodriguez,9623250898
David Mcfarland,9367723420
Jose Law,9088181456
Ivory Adkins,9721239694
Michelle Callihan,7191821971
Sharon Russell,9700270558
Brian Baker,6935333631
Larry Brown,8525821319
Brad Wray,7114621441
Jerry Mcpherson,7562885088
Jessie Haught,6904140577
Jeanne Gibson,8535878583
Trudie Shearin,9184152571
Patricia Clopton,9182179510
Brian Hiller,9294255929
Sandy Albury,8292323255
Thea Mckinney,8820453055
Rebekah Smith,8121423059
Edward Johnson,8063018630
Alice Almond,7260063910
Kendra Young,8087404727
Alton Zwilling,8124602571
Craig Thompson,8090814557
Monica Estrella,9960372402
Peggy Reed,8092108577
Ben Brain,9992001923
Maryjo Macek,7911863033
Luis Hausman,9801354789
Victoria Mecca,7242633429
Gregory Kaltz,6926254608
Nancy Boyd,9868062440
Daniel Simmons,9436650247
Nicole Miller,8093228116
Ryan Sadler,7233245433
Paulina Neely,8902830358
Steven Smith,9107029401
June Walker,8010907907
Oliver Fulop,8358021601
Eva Harvey,8838568389
Ruby Paul,9230723055
Ronald Serano,7450752438
Dennis Jones,9078283336
Robert Faulds,6824613024
Barbara Hewitt,8153778752
Gary Walton,9911878179
Eugene Lattea,9940713722
Jose Howard,8646906448
Anthony Snyder,9434569466
Rick Smith,7968882860
Maggie Albrekht,8081283222
Fred Burnham,8383863030
Robin Hall,7293293451
Sandra Simpson,8581932229
Douglas Jones,8033927291
Estrella Owston,8420517307
Elinor Viesselman,7504817749
Cindy Thompson,8607985241
Tracy Woods,9301300505
Donald Post,7303599050
Peter Williams,7622309226
Zachary Duncanson,9661380103
Earline Thompson,8806232482
Anne Damron,8896282418
Nicole Ziegler,8463547939
Ronald Owens,9107466175
Vincent Kroon,9553619074
Nicole Myers,7604972997
Kevin Perez,8986581314
Jeanetta Mandujano,8497605764
Shirley Hamlet,7502684729
Betsy Demski,8347016541
Lesa Dupree,8001938887
Beatrice Salazar,7967624531
William Wagner,8031607067
Marta Hawkins,8428512495
Beatrice Nance,7486834141
Edna Mitchell,8633371542
Leila Paramo,7722607567
Paul Brown,7578302346
Norma Nelson,7883645635
Glenn Hammonds,9917729524
Amanda Rustrian,6902888093
Carmon Delzer,7923191457
Paul Mattingly,7864231182
Sara Collymore,9908444146
Ralph Moore,7361226592
Norma Pugliares,8444515326
Mark Carlin,8795038061
Jessica Lewis,9357562907
Travis Lerman,8300380419
Wayne Whitmire,7086916843
Katherine Marshall,8744007550
Sun Evans,7570088390
Shan Cuellar,6884268657
Glenn Farr,6791889612
Joshua Jones,9000622561
Beth Gonzales,7390020496
Justine Deleon,9007978086
Humberto Lipscomb,8236834171
Justin Grosso,8102808779
Betty Davis,6660896320
Van Bartley,7541368536
Robin Coy,9987673514
Kendra Kenkel,6813382227
Ross Johnson,7365646994
Adam Morgan,7430948004
Diane Poston,6747500671
Mary Rainwater,6986202647
Kathleen Peatross,7653289509
Linda Davison,6953664970
Sally Skowron,9795864407
Kenneth Fernandez,9524023328
Terry Dahle,7732575629
Clay Hess,9057717505
Carolyn Wilson,8810557025
Joshua Wolfe,8680883299
Brenda Nguyen,7558802102
Cynthia Welch,7226892574
David Jaramillo,7487336624
Brandy Eldredge,7744478099
Brandon Madruga,8182831802
Mary Dawson,7873713351
Jeff Lindblom,9804604798
Laura Hurst,9926887336
Michael Allen,9302060768
Mario Cullinan,7467140762
Ivory Popovich,7454214470
Alicia Best,9522301548
Zachary Hendry,9311084883
Michael Warnke,6775890482
Kenneth Pouncil,8312721732
Alan Scott,7947263214
Diane Bailey,8035869905
Pamela Maciasz,7487640547
Mary Transue,7805268861
Margaret Halpin,9725084334
Lola Gray,9855917480
Peter Simmons,9348644664
Robert Mcsorley,6820840028
Denice Palmer,7455268124
Richard Thacker,7942129256
Richard Beasley,8197361395
Rose Gilbert,8083190207
Leonard Hope,9677287350
Dennis Castillo,8073066005
Frances White,8250421584
Kelly Sowder,9798654992
Hallie Sipos,9438658451
Alfredo Lebel,9474665980
Marion Stone,7115421330
Micheal Bradley,8240863900
Frankie Caplan,8534160843
Reginald Messersmith,6723081551
Johnny Sheehan,7387979489
Tom Firestone,6857963094
Judith Perez,6684280240
Thomas Schultz,7234520403
Frank Kincaid,9678135286
Alice Vella,7816263217
Treva Platt,7743460386
Tabitha Ziegler,7095799398
Alice Mcauley,9918691898
Paul Stark,8548541768
Stephanie Crane,6694674413
Sandra Wyatt,7012946172
Jasmine Sparkman,7314496875
Debra Foreman,7068636107
Dorothy Shepard,9725799041
Frank Coates,6695783427
Renee Kampa,6948491236
Susan Graves,8347026421
Mildred Maxwell,8775012373
Carolyn Norgard,8661153147
Jennifer Nivens,9044137305
Kenneth Brown,9606674038
Susan Reeves,8423204308
Kelly Hayes,8164204410
Paul Asbury,7590363227
Albert Reveal,6933051672
Barbara Hart,8636280124
Terri Vincent,8988162047
Christine Sharpe,6764910640
Aron Denham,7171797531
Barbara Wiese,9677072347
Cindy Finley,8628766602
Joshua Quezada,8226081840
Marco Davis,8656330569
Jacqueline Byrd,8640953576
Rochelle Hilsinger,8775234313
Wanda Burgess,6756498235
Michael Schenk,7721183732
James Clapham,7002390788
Tony Baldwin,8891257351
Jamaal Reeves,7886224277
Donald Bates,6771743178
Mitzi Millsap,7716275140
Jessie Katz,9296958774
Peggy Inciong,8515789915
Maria Lamey,7704341143
Anna Seifert,7498272784
Joe Rady,6988520717
Georgianna Cornett,6907271706
Jessica Szczesny,6684955799
Aaron Bullinger,8767699845
Dean Maddox,6698217164
Jeremy Christensen,6718744960
Sharon Waldvogel,6832237917
Mary Cunningham,8810586140
Joel Benavides,9420108038
Juanita Williams,9403473537
Jamie Whipple,8338036367
Angela Mcclinsey,9117766558
Alice Buchner,9628848349
Kyle Pirrone,7836574774
Minnie Smith,7068054967
Bonnie Palmer,8121867518
Terry Landfried,9727399143
Mary Bushee,6826006206
Muriel Jordan,9055187528
Mary Dorrance,8243409233
George Oliver,6837086836
Mildred Ferdig,6868642757
Thomas Hipple,6723015138
Jessica Robinson,9665934391
Aaron Hamilton,8488798339
Jessica Cannon,7738435901
Van Copenhaver,7128300601
Jacob Hawkins,7993883881
Tammy Catron,7217227404
Luis Bova,7273966104
Dewey Campbell,7391452473
Kathie Gibbs,8423937079
Nick Moran,8493790243
Karen Skinner,9605690930
Evelyn Mccullough,8304612903
Yolanda Porter,8477086086
William Opteyndt,7232553356
Marjorie Saldana,8514366428
Elizabeth Lundberg,7831959683
Cynthia Crawford,9084411143
Mike Elliott,9378094686
Phoebe Fuchs,7845149453
Charles Roman,8995593133
Bonita Johnson,9176947994
Jeremy Barnette,8092866493
Roger Silva,9657468869
Ida Faley,6725043051
George Sheffield,9837573773
Florence Robinson,6992437124
Matthew Mitchell,8425586574
Brian Mccormick,8921223295
Anthony Phillips,9006849978
Angela Chow,8310268244
Carl Kennedy,9320317228
Dawn Bush,6721264312
Matthew Allen,9186207807
Lillie Gates,8628871344
Joseph Rodriguez,6863457415
Joanna Hayden,8202222196
Duane Gardner,8618248840
Jeffrey Spencer,7197915782
Deborah Guerra,9698549971
Ernestine Gutierrez,8597073716
Eric Montgomery,9315010561
Leonard Kelley,8937251766
Simone Haider,9263524019
Helen Cook,8132060696
Clifford Hensley,7926712147
Betty Wilson,6980375565
Manuel Freeze,8735040495
Aileen Ashbrook,7691103063
Crystal Blakney,8777197332
Frank Adkins,8166061356
Maria Austin,8473193914
Kenneth Coley,8661963643
Kelly Hale,9138626793
Dawn Roberts,8650454449
Chris Ford,9582334940
Barbara Isbell,6910243962
John Larson,7892715421
Daniel Brocklehurst,8635105797
Paul Wooten,9528481180
Debra Ruder,7048317296
Gerald Greene,9083203393
David Stearns,7958443461
Norman Darrin,9020393630
Richard Casson,8375642790
Thomas Hall,8258881825
Madeline Reardon,7490995947
Donna Pearson,9345165880
Michael Scholl,8785020946
Ryan Rhodes,8243622182
Jerry Eash,9631425838
Amanda Bacon,6953525098
Barney Diego,7150218875
Nathalie Scholler,9825019770
Linda Thomas,7224312468
George Vigil,8652592369
Paul Miller,8283741002
Lawrence Mcmasters,7756064261
Ivy Davidson,9243101643
Mary Ryan,7411713495
Randall Spanton,9362037300
Douglas Kochevar,8928102092
Cynthia Phelan,7690761376
Abbie Guevara,6786700694
Jo Christopher,8717196904
Ana Chun,8301538470
John Reber,8251768246
Richard Clements,8824729846
John Chadwell,7956944334
Rory Wallace,6718680616
Judith Juarez,7291811318
Elna Dixon,7862018220
Irwin Vernon,8832992614
Herbert Hernandez,9510257382
Christina Kettler,9645360777
Michael Lofton,8756938150
Brenda Etkin,9184295046
Marjorie Mccormick,7410978358
David Broome,6983157660
Mary Tedder,7833737312
Larry Hogan,8092692995
Marion Dunnings,9058870692
Doris Lora,9681347038
Derrick Johnson,9167642893
Carole House,9518640342
Sharon Barrett,6784062897
Ronald Kenne,9514001946
Jason Mckinnon,9206354545
Grace Kummer,8403506651
Grace Douds,8955548326
Tonda Taylor,7147891915
Lisa Thomas,7646539533
Jo Gadsden,7743451407
Mandy Lynch,9312470759
Tony Gilmore,9243964464
Mary Wood,9642302794
Donna Book,7657339827
Julia Wasmer,7860790689
Marilyn Rentschler,8147567002
Mary Washington,7426057444
Carolyn Gonzalez,8383072226
Lamar Beltrami,8982578223
John Watts,7446723274
Robert Lawrence,9608644494
Lawrence Jackson,9875926796
Flora Weathers,7898424805
Jennifer Starkey,7202969431
Jack Andrews,7994173761
Patricia Watt,7903598037
Edna Figueroa,8256393627
Austin Edwards,7802928037
Kristy Powers,8263830736
Rocky Williams,9848673988
Juan Homan,9023855082
Patricia Benninger,8084669380
Wanda Norwood,8837318880
Kimberly Roberson,9670635284
Heidi Johnson,9012127215
Daniel Hunt,8776708918
Shameka Lamm,8177144652
Teresa Fowler,9200994716
Joseph Rowden,8585587122
Theresa Heard,9131904450
Alexandra Brown,6877316895
Stephanie Hough,9975119438
Chris Kump,7831150891
Nereida Roark,9524443712
Lawrence Steadman,6732806884
Kelly Finkle,9135187728
Tiffany Brown,8932610026
Alaina Kuhr,6948430536
David Phelan,6673182002
Martha Bailey,9403816495
Jose Wichmann,8524189518
Eric James,6874261375
James Hosick,8940456590
Fredrick Shakin,7630604013

om makwana,7990051361