;,�j�mU;,�j#��UAaron Hodges,7310106447
Aaron Hodges,7310106447
Aaron Sands,7156827109
Adam Hebert,9997639062
Adam Hebert,9997639062
Adam Morgan,7430948004
Adan Brogan,9435810197
Adeline Smitherman,6711289768
Adrienne Fleischmann,7676573278
Agatha Snedegar,6707831233
Aileen Ashbrook,7691103063
Alan Lewis,9952195393
Alan Lewis,9952195393
Alan Scott,7947263214
Albert Reveal,6933051672
Alexandra Brown,6877316895
Alexis Hernandez,9458322476
Alfredo Lebel,9474665980
Alia Petitti,8752872826
Alice Almond,7260063910
Alice Buchner,9628848349
Alice Mcauley,9918691898
Alice Vella,7816263217
Alicia Best,9522301548
Allen Morales,7782146157
Allen Trimpe,9716177768
Alonzo Burr,7683096370
Alpha Hernandez,7198576455
Alton Kirkpatrick,7742143489
Alton Zwilling,8124602571
Alyce Herrera,9380207825
Amanda Bacon,6953525098
Amanda Rustrian,6902888093
Amber Henry,8443130573
Amy Richter,7665926883
Ana Chun,8301538470
Andrew Dampeer,9535103407
Andrew Faron,6860225206
Andrew Fields,9136060551
Andrew Hanson,6986503592
Angela Chow,8310268244
Angela Mcclinsey,9117766558
Angelina Shakir,8196845026
Angeline Hale,6844647290
Ann Schwalbe,8938400505
Ann Shuler,9423251459
Anna Seifert,7498272784
Anne Damron,8896282418
Annette Lopez,9051162541
Annie Kaiser,6970876113
Anthony Dunneback,7192921313
Anthony Johnson,9333792917
Anthony Lee,7232763126
Anthony Phillips,9006849978
Anthony Snyder,9434569466
Antonio Harper,8302691065
Antonio Wellman,7553704147
Arlen Mitchell,7350912861
Arlie Smith,7502066945
Arnold Edemann,9751504557
Aron Denham,7171797531
Arthur Ferrara,8180255905
Arturo Posey,6682936669
Ashley Murphy,8997610059
Austin Edwards,7802928037
Austin Shaw,9262530893
Autumn Rideau,7562076236
Ava Freiler,8934120693
Barbara Bennett,7395553326
Barbara Crossley,8710454868
Barbara Friedman,7581192265
Barbara Hart,8636280124
Barbara Hewitt,8153778752
Barbara Isbell,6910243962
Barbara Mason,9927581729
Barbara Powel,9541141129
Barbara Turner,7120941065
Barbara Watkins,9714497014
Barbara Whittmore,6753879905
Barbara Wiese,9677072347
Barney Diego,7150218875
Bart Sibbett,9866151316
Beatrice Nance,7486834141
Beatrice Salazar,7967624531
Ben Brain,9992001923
Benjamin Bates,8911174383
Bernice Berube,8372399088
Bertha Johnson,7094859203
Bessie Strider,9217498569
Beth Gonzales,7390020496
Betsy Demski,8347016541
Betty Babb,9578776136
Betty Carr,7576124281
Betty Davis,6660896320
Betty Feldman,8627243148
Betty Hogsett,8667488497
Betty Wilson,6980375565
Beverly Luce,7671115686
Beverly Schwandt,9136691672
Beverly Williams,9897395788
Bobby Freeman,7425564256
Bobbye Mendoza,8821610732
Bonita Johnson,9176947994
Bonnie Ames,9374169001
Bonnie Palmer,8121867518
Brad Wray,7114621441
Brady Farmer,9047717153
Branden Fernandez,8128078894
Brandon Cranford,6842732912
Brandon Madruga,8182831802
Brandy Eldredge,7744478099
Brenda Etkin,9184295046
Brenda Nguyen,7558802102
Brian Baker,6935333631
Brian Clemons,7030137750
Brian Hiller,9294255929
Brian Mccormick,8921223295
Brice Lee,7326787906
Bridget Burke,8955166193
Bruce Blanchard,8831779028
Bruce Roscoe,8044899462
Buddy Campbell,7608679921
Burl Yazzie,9027659494
Carl Ferguson,8362317995
Carl Kennedy,9320317228
Carl Zamarripa,9818452399
Carla Erickson,8673059676
Carlos French,7401876929
Carmella Cosby,9540562970
Carmen Jimenez,8742527706
Carmon Delzer,7923191457
Carole House,9518640342
Caroline Hall,8221410919
Carolyn Dixon,7262285901
Carolyn Gonzalez,8383072226
Carolyn Norgard,8661153147
Carolyn Wilson,8810557025
Cary Davis,9937606471
Cathrine Poblete,9728479441
Cecil Kelley,8691077525
Cecile Bates,7187800380
Cecile Ellington,8484433409
Celina Makin,7554420328
Cesar House,7702199866
Charles Barragan,8655599522
Charles Cole,8726621253
Charles Davis,9477965968
Charles Greenwood,7835821438
Charles Hatch,8907432793
Charles Hutchingson,7620836930
Charles Mccain,8052771594
Charles Mercier,7765863321
Charles Poole,7911101310
Charles Roman,8995593133
Charlie Lance,7753933768
Cheryl Amos,7216534598
Cheryl Ballard,6866486059
Cheryl Larsen,7283378130
Chris Ford,9582334940
Chris Kump,7831150891
Chris Lane,9167182233
Christie Jarrell,7603791528
Christina Kettler,9645360777
Christine Kennedy,8830392744
Christine Sharpe,6764910640
Christopher Adams,9314230358
Christopher Casey,7080739213
Christopher Depriest,9427898695
Christopher Nelson,7325366646
Cindy Blackmer,8354014114
Cindy Finley,8628766602
Cindy Thompson,8607985241
Claire Williams,9772272837
Clay Hess,9057717505
Clifford Hensley,7926712147
Clifford Windly,8137167759
Colby Showman,8738541654
Connie Hale,8616714658
Constance Washington,9267408671
Cornelia Beattie,8990303179
Craig Thompson,8090814557
Crystal Blakney,8777197332
Curtis Lavine,8913141574
Cynthia Crawford,9084411143
Cynthia Garkow,8031196446
Cynthia Phelan,7690761376
Cynthia Severance,7485175254
Cynthia Welch,7226892574
Daisy Crain,9087420826
Damien Suarez,8427369029
Daniel Bernardo,8757735735
Daniel Brocklehurst,8635105797
Daniel Crumpton,8945082931
Daniel Holloway,9686872973
Daniel Hunt,8776708918
Daniel Simmons,9436650247
Danny Pitcherello,9376563856
Darrell Boonstra,9647374283
Darrell Rodriquez,7880401603
Daryl Deveau,6886796208
David Akin,7815652237
David Broome,6983157660
David Elston,6695041996
David Gribbin,7106151904
David Howerton,8931872930
David Jaramillo,7487336624
David Johnston,9882332158
David Lopez,8155393889
David Mcfarland,9367723420
David Rhudy,9796139638
David Rhudy,9796139638
David Rodriguez,6718888268
David Santiago,7922482882
David Shelton,8921501784
David Simpson,7247767612
David Stearns,7958443461
David Valencia,7100203645
Dawn Bush,6721264312
Dawn Roberts,8650454449
Dean Maddox,6698217164
Deana Guyer,8277009449
Deanna Fabian,9584410894
Deborah Guerra,9698549971
Debra Foreman,7068636107
Debra Ruder,7048317296
Debra Wasson,8522374662
Denice Palmer,7455268124
Denise Mcgeorge,9817150858
Dennis Castillo,8073066005
Dennis Crandell,9256918005
Dennis Jones,9078283336
Dennis Tapia,8882387927
Derrick Johnson,9167642893
Dewey Campbell,7391452473
Diane Bailey,8035869905
Diane Glenn,9646525696
Diane Poston,6747500671
Dirk Carlson,6736622704
Dolly Ortiz,9464121248
Donald Bates,6771743178
Donald Brown,8951301417
Donald Johnson,9381703317
Donald Post,7303599050
Donald Rashid,7597353161
Donald Siddall,9821543148
Donna Book,7657339827
Donna Derentis,7887708789
Donna Pearson,9345165880
Donna Przedwiecki,7063771475
Donna Strouse,7725523117
Doris Lora,9681347038
Dorothy Harmon,8714672598
Dorothy Shepard,9725799041
Dorothy White,7426526923
Dorothy Wilke,9423319494
Dorothy Wilson,8042592074
Douglas Garza,8318245777
Douglas Harris,6773144028
Douglas Jones,8033927291
Douglas Kochevar,8928102092
Duane Gardner,8618248840
Dulcie Parker,7334391620
Dustin Hicks,7421917846
Dwight Donohue,9868389380
Dwight Garcia,9706482549
Earl Mader,7924135361
Earline Thompson,8806232482
Edgardo Frost,7230485905
Edna Figueroa,8256393627
Edna Mitchell,8633371542
Edward Bailey,9288525792
Edward Johnson,8063018630
Edward Priolo,9907732766
Edward Rothrock,6941655254
Edwin Bennett,9542896894
Elbert Mcfaddin,9495632374
Elinor Viesselman,7504817749
Elizabeth Lundberg,7831959683
Elizabeth Oswalt,9914844409
Elizabeth Parsons,9993453306
Ella Washington,9133837872
Elmer Roberts,6700933242
Elna Dixon,7862018220
Eloise Ganey,9573079089
Elsie Perdue,7027145622
Elvira Sparks,9291155857
Emilio Simon,9562758457
Eric Johnson,8344725922
Eric Johnson,8344725922
Eric Montgomery,9315010561
Erin Hibbard,6855845109
Ernestine Gutierrez,8597073716
Estrella Owston,8420517307
Ethel Kirchoff,7503970226
Ethel Wester,8746406234
Eugene Lattea,9940713722
Eugene Rodriguez,9450536893
Eva Ellenberger,9172570203
Eva Harvey,8838568389
Eve Ashford,9361592182
Eve Bridgeman,6897566969
Evelyn Mccullough,8304612903
Felecia Wynia,7767574981
Flora Weathers,7898424805
Florence Arnold,7531023874
Florence Pacheco,8786130573
Florence Robinson,6992437124
Florentina Radune,8271223846
Frances Chaney,7211523417
Frances White,8250421584
Frank Adkins,8166061356
Frank Coates,6695783427
Frank Kincaid,9678135286
Frankie Caplan,8534160843
Fred Burnham,8383863030
Fred Fernandez,8430246092
Fred Keegan,8627670295
Frederick Maass,7395365660
Garland Sheroan,7643986251
Garland Sheroan,7643986251
Gary Kunkel,7125156489
Gary Oles,8836032220
Gary Skidmore,9917509264
Gary Walton,9911878179
George Oliver,6837086836
George Sheffield,9837573773
George Vigil,8652592369
Georgia Mason,9097284229
Georgianna Cornett,6907271706
Gerald Greene,9083203393
Gerald Rega,8572211235
Geraldine King,7183751674
Gerardo Bullard,9305874149
Gilbert Guthrie,9361391104
Gina Edmisten,8868204110
Gina Riesner,8234501700
Glenn Farr,6791889612
Glenn Golding,9114482058
Glenn Hammonds,9917729524
Grace Douds,8955548326
Grace Kummer,8403506651
Grace Wittner,9156796525
Gregg Boggioni,7721347763
Gregory Kaltz,6926254608
Hallie Sipos,9438658451
Hannah Bone,7750454657
Harlan Mohr,9446824571
Harold Adams,9385651601
Harry Ware,7080604690
Haywood Banks,9221720596
Heather Bloodworth,8831727418
Heather Schneeman,9211183371
Hector Capozzoli,6665401844
Hector Loew,8868445611
Hector Mccormick,8468868133
Heidi Johnson,9012127215
Helen Cook,8132060696
Helen Cunningham,8780883008
Helen Hunt,6927116177
Henry Bailey,9351751040
Henry Roberts,7848259101
Herbert Hernandez,9510257382
Hillary Drozd,7552307536
Hilton Mcgraw,7861260089
Howard Bergesen,8560275293
Hubert Morgan,7481803233
Humberto Lipscomb,8236834171
Ida Brown,9678554834
Ida Faley,6725043051
Ida Reif,8040016796
Ina Hall,7514580276
Iris Goodwin,8871052479
Irwin Vernon,8832992614
Isabelle Nickerson,8131420456
Ivory Adkins,9721239694
Ivory Popovich,7454214470
Ivy Davidson,9243101643
Jack Andrews,7994173761
Jack Beck,7566837688
Jackie Delarosa,8248698943
Jacob Ferra,7433989975
Jacob Hawkins,7993883881
Jacob Schaefer,9301020070
Jacqueline Byrd,8640953576
Jamaal Reeves,7886224277
James Booth,7585082505
James Clapham,7002390788
James Green,7148583408
James Hosick,8940456590
James Ledet,7083581006
James Monroe,6796420236
James Raines,8226312290
James Sanges,7457495461
James Smisek,7330442396
James Snowden,6701275800
Jamie Whipple,8338036367
Janet Villa,6883441727
Jasmine Sparkman,7314496875
Jason Chrisco,9363862600
Jason Hale,8045531507
Jason Mckinnon,9206354545
Jason Scott,8352803948
Jason Stewart,9015385959
Jean Ballard,7786937491
Jean Pack,8623954560
Jean Steuer,7751260243
Jeanetta Mandujano,8497605764
Jeanine Little,8935342292
Jeanne Gibson,8535878583
Jeff Lindblom,9804604798
Jeffrey Bass,7455285927
Jeffrey Johnson,9592749783
Jeffrey Robbins,8557486166
Jeffrey Romero,9896867608
Jeffrey Shepherd,9104439070
Jeffrey Spencer,7197915782
Jennifer Conley,8225414582
Jennifer Nivens,9044137305
Jennifer Starkey,7202969431
Jennifer Wood,9381512039
Jerald Lynn,7506235096
Jeremy Barnette,8092866493
Jeremy Christensen,6718744960
Jeremy Harrison,8917265891
Jerrod Miera,6891861605
Jerry Eash,9631425838
Jerry Griffin,9121150653
Jerry Mcpherson,7562885088
Jerry Silvers,8066334553
Jesse Manning,9976747388
Jessica Cannon,7738435901
Jessica Lewis,9357562907
Jessica Robinson,9665934391
Jessica Solarz,8290169802
Jessica Sykes,7975491127
Jessica Szczesny,6684955799
Jessie Dolfi,9783252119
Jessie Haught,6904140577
Jessie Katz,9296958774
Jimmy Griffith,9241026330
Jo Christopher,8717196904
Jo Gadsden,7743451407
Joan Oneill,7695569246
Joanna Hayden,8202222196
Jody Marshall,8213474556
Joe Debartolo,8600666952
Joe Lee,9955048939
Joe Rady,6988520717
Joel Benavides,9420108038
Joel Gandy,7393374679
Joey Almond,6933202533
John Chadwell,7956944334
John Evans,9887334713
John Guevara,9207235810
John Larson,7892715421
John Reber,8251768246
John Taylor,8945414660
John Watts,7446723274
John Wilson,6963660980
Johnna Khalid,7271459334
Johnny Sheehan,7387979489
Jon Aguilar,9266761343
Jonathan Brown,8878343977
Jonathan Burkholder,7484632802
Jorge Monroy,7081610275
Jose Dwaileebe,7962638712
Jose Fenwick,7282163635
Jose Howard,8646906448
Jose Law,9088181456
Jose Rodrigez,9515195206
Jose Wichmann,8524189518
Joseph Burtner,8932246431
Joseph Casey,9076915582
Joseph Curry,8713054396
Joseph Gustin,8767134962
Joseph Merritt,9791920292
Joseph Rodriguez,6863457415
Joseph Rowden,8585587122
Joseph Valdez,6894257089
Joshua Jones,9000622561
Joshua Quezada,8226081840
Joshua Sanchez,9120909593
Joshua Wolfe,8680883299
Josie Powell,7040906068
Joy Ryan,8565100378
Juan Geer,8170432742
Juan Homan,9023855082
Juana Bartley,8918350364
Juana Reilly,7957116269
Juanita Vaughn,9354510300
Juanita Williams,9403473537
Judith Juarez,7291811318
Judith Perez,6684280240
Judy Veltre,9082212508
Julia Wasmer,7860790689
Julie Lavoie,8396360571
Julius Hunt,7440063515
June Walker,8010907907
Justin Dillard,8753457203
Justin Grosso,8102808779
Justine Deleon,9007978086
Karen Skinner,96025690930
Katherine Chumley,9464907677
Katherine Joyner,8661213560
Katherine Marshall,8744007550
Katherine Strickland,7484135268
Kathie Gibbs,8423937079
Kathleen Holmes,6888608063
Kathleen Peatross,7653289509
Kathy Moore,7666154360
Kathy Owston,6900927442
Kathy Wolff,9616602761
Keith Bicknell,8713542182
Keith Matthews,7284758543
Kelly Dang,7033267300
Kelly Finkle,9135187728
Kelly Hale,9138626793
Kelly Hayes,8164204410
Kelly Sowder,9798654992
Kelly Webster,9336245498
Kelvin Wilson,9666584161
Kendra Kenkel,6813382227
Kendra Young,8087404727
Kenneth Brown,9606674038
Kenneth Coley,8661963643
Kenneth Faustini,7512751699
Kenneth Fernandez,9524023328
Kenneth Pouncil,8312721732
Kermit Downs,8681689227
Kevin Bennett,8800984556
Kevin Perez,8986581314
Kevin Stephenson,6968191005
Kimberly Martinez,9986681070
Kimberly Roberson,9670635284
Kimberly Welk,7083566844
Kristy Powers,8263830736
Kyle Pirrone,7836574774
Lamar Beltrami,8982578223
Lane Korsmeyer,7408263847
Larry Brown,8525821319
Larry Hogan,8092692995
Larry Mullins,7117193385
Latasha Iribarren,8714864767
Laura Hurst,9926887336
Lavon Smith,9880430713
Lawrence Centeno,9174147419
Lawrence Jackson,9875926796
Lawrence Mcmasters,7756064261
Lawrence Polite,8367305622
Lawrence Steadman,6732806884
Leila Paramo,7722607567
Lela Shaw,9584500404
Leon Regalado,9685663233
Leon Vernon,8363188556
Leon Wheelock,9927807249
Leonard Anderson,8750540795
Leonard Hope,9677287350
Leonard Kelley,8937251766
Lesa Dupree,8001938887
Leslie Duckworth,9555550634
Leslie Wilson,9046794316
Lewis Cleckner,8068519893
Lillie Gates,8628871344
Linda Brantley,8277647320
Linda Cormier,9814197314
Linda Davison,6953664970
Linda Haar,8124742639
Linda Pearson,8997709294
Linda Perkins,6705627490
Linda Thomas,7224312468
Linda Zeringue,9657938393
Lindsay Furlong,7712205033
Lino Robinson,7670104697
Lisa Thomas,7646539533
Lois Crump,8637175562
Lois Joosten,9771895005
Lola Gray,9855917480
Lonnie Ham,9502439980
Lora Schradle,9417894091
Lori Ledbetter,7637051410
Lorraine Campbell,9706920573
Lucas Wallace,7612603281
Lucy Burrell,7028779042
Luis Bova,7273966104
Luis Hausman,9801354789
Lula Chouteau,8681982827
Luther Moody,7405128998
Lyla Hill,6808112881
Lyman Friou,8381785237
Lynda Griffey,9084722808
Lynn Adams,9051309458
Mabel Heelan,9986791012
Madeleine Ellis,7210281195
Madeline Pera,7457293057
Madeline Reardon,7490995947
Maggie Albrekht,8081283222
Majorie Clark,7340672756
Mandy Lynch,9312470759
Manuel Dow,6831359902
Manuel Freeze,8735040495
Manuel Kingsbury,9772275383
Marco Davis,8656330569
Margaret Fleury,8487059274
Margaret Halpin,9725084334
Margaret Hight,7480420278
Margarito Preston,8300823714
Mari Lahr,8522314702
Maria Austin,8473193914
Maria Berry,7931807992
Maria Lamey,7704341143
Maria Mehtani,7915182972
Maria Syrett,8028234448
Maria Tart,9597033594
Marilyn Rentschler,8147567002
Marina Washington,6891494720
Mario Cullinan,7467140762
Mario Fedele,8738629495
Marion Dunnings,9058870692
Marion Stone,7115421330
Marisol Reitz,9000048284
Marjorie Mccormick,7410978358
Marjorie Saldana,8514366428
Mark Carlin,8795038061
Mark Maxwell,7476080875
Mark Mcanulty,7741073742
Mark Price,9916392019
Marshall Gross,9806071628
Marta Hawkins,8428512495
Martha Bailey,9403816495
Martha Kerrigan,9158193771
Martina Schmelz,7272858494
Mary Bushee,6826006206
Mary Butcher,9824140095
Mary Cunningham,8810586140
Mary Dawson,7873713351
Mary Dolan,7547690522
Mary Dorrance,8243409233
Mary Ellis,9595895707
Mary Engelhart,7591145082
Mary Hester,7755404705
Mary Lee,8978294440
Mary Meyers,8146778226
Mary Nalevanko,7155966115
Mary Rainwater,6986202647
Mary Ryan,7411713495
Mary Smith,8341035774
Mary Tedder,7833737312
Mary Transue,7805268861
Mary Uribe,9250282338
Mary Washington,7426057444
Mary Wood,9642302794
Mary Woods,8288022579
Mary Yahna,6683829603
Maryjo Macek,7911863033
Matthew Allen,9186207807
Matthew Kahler,9451300222
Matthew Mitchell,8425586574
Matthew Riddick,7446685336
Mauricio Adams,9541311585
Mauro Watkins,7546336272
Maxine Raschke,7698270702
Megan Helgeson,8722438580
Melinda Carr,8340743012
Melissa Dadson,8162769454
Melissa Levine,9143944271
Melissa Roberge,9595747308
Michael Allen,9302060768
Michael Baldridge,8480525767
Michael Chavez,7342968730
Michael Harding,6775932972
Michael Helwig,8438782401
Michael Hernandez,7451356400
Michael Horka,7071289376
Michael Howard,9503159960
Michael Jones,6928048692
Michael Lofton,8756938150
Michael Parker,8891204243
Michael Porter,9840252830
Michael Rossin,6743630380
Michael Rutland,7497326373
Michael Schenk,7721183732
Michael Scholl,8785020946
Michael Scott,8854413966
Michael Villagomez,9683384020
Michael Warnke,6775890482
Micheal Bradley,8240863900
Micheal Nakagawa,8312456302
Michele Pichette,9580824043
Michelle Callihan,7191821971
Michelle Pitcock,7035749060
Michelle Woodard,8186264800
Mike Elliott,9378094686
Mike Trujillo,9167354825
Mildred Ferdig,6868642757
Mildred Maxwell,8775012373
Mildred Schusterman,9797234267
Miles Badger,9275399932
Milton Caldwell,8227657181
Minnie Smith,7068054967
Mirna Burnett,8816679446
Missy Cole,9807541317
Mitzi Millsap,7716275140
Monica Alexander,9150204791
Monica Estrella,9960372402
Monica Olivero,9727517792
Monique Gibson,7780844415
Muriel Jordan,9055187528
Nancy Boyd,9868062440
Nancy Bryant,7643737378
Nancy Cruz,7055389467
Nathalie Scholler,9825019770
Neil Brown,9337108646
Neil Martin,7290908695
Nellie Valdez,9006677109
Nelson Sims,8012755854
Nereida Roark,9524443712
Nicholas Cain,8492705080
Nicholas Martin,7754167257
Nicholas Venhorst,9262688899
Nick Moran,8493790243
Nicolas Norrick,6862090835
Nicole Miller,8093228116
Nicole Myers,7604972997
Nicole Ziegler,8463547939
Nikki Boshart,8885055406
Norma Conley,9491319680
Norma Nelson,7883645635
Norma Pugliares,8444515326
Norman Darrin,9020393630
Oliver Fulop,8358021601
Pamela Black,6997495915
Pamela Duryea,8448274144
Pamela Finnegan,7705325643
Pamela Maciasz,7487640547
Patricia Benninger,8084669380
Patricia Clopton,9182179510
Patricia Dukes,8180692207
Patricia Gatling,9060162227
Patricia Marcus,9417188370
Patricia Nguyen,9655980336
Patricia Watt,7903598037
Paul Asbury,7590363227
Paul Brown,7578302346
Paul Mattingly,7864231182
Paul Mccrystal,8357544303
Paul Mcdonald,7840869315
Paul Miller,8283741002
Paul Stark,8548541768
Paul Wooten,9528481180
Paulina Neely,8902830358
Pedro Krammes,9571663215
Peggy Inciong,8515789915
Peggy Lozano,8485807581
Peggy Reed,8092108577
Peggy Robinson,8402394139
Perry Parnell,9531455502
Peter Simmons,9348644664
Peter Stinett,7350975165
Peter Walden,8913839715
Peter Williams,7622309226
Phillip Horan,8644396791
Phoebe Fuchs,7845149453
Racheal Ries,8857560421
Rae Fournier,8202877108
Rafael Nordin,8602900402
Ralph Ferraro,9166551246
Ralph Moe,8945805576
Ralph Moore,7361226592
Ramona Vanhoose,9828578010
Randall Clark,9126384178
Randall Spanton,9362037300
Randy Cannon,6815171625
Randy Crafford,6723911818
Raven Slack,7873323828
Ray Prentice,8447883423
Raymond Hines,6817120241
Rebekah Smith,8121423059
Regina Laigle,9718367914
Reginald Agustin,8865090953
Reginald Johnson,8812869958
Reginald Messersmith,6723081551
Renee Kampa,6948491236
Richard Beasley,8197361395
Richard Beene,7498668967
Richard Casson,8375642790
Richard Clements,8824729846
Richard Gullo,7797194282
Richard Perez,7030087182
Richard Sullivan,8371816598
Richard Thacker,7942129256
Rick Smith,7968882860
Robert Bright,9585613934
Robert Davis,7837875139
Robert Faulds,6824613024
Robert Flaherty,8040108374
Robert Harvey,8416602148
Robert Hayashi,8727634085
Robert Knauss,6957139928
Robert Larimer,9931580943
Robert Lawrence,9608644494
Robert Lechner,7915746268
Robert Mattocks,7103023771
Robert Mcsorley,6820840028
Robert Mcswain,9462419398
Robert Phillips,7193779205
Robert Pratt,7674594872
Robert Pratt,7674594872
Robert Rubins,7022787390
Robert Strayer,7538284593
Robert Tanner,9291720880
Robin Coy,9987673514
Robin Flowers,8588733376
Robin Gray,6808210791
Robin Hall,7293293451
Robin Maxwell,8486009408
Rochelle Hilsinger,8775234313
Rocky Williams,9848673988
Roger Culver,7654422907
Roger Silva,9657468869
Ronald Compton,8378396990
Ronald Curtis,9364130598
Ronald Kenne,9514001946
Ronald Owens,9107466175
Ronald Serano,7450752438
Rory Wallace,6718680616
Rosalina Byrom,7108140751
Rose Dorf,6803284409
Rose Gilbert,8083190207
Rosella Bradley,8555757549
Ross Johnson,7365646994
Roy Flores,8663603548
Ruby Bergman,9976134621
Ruby Canclini,8993252737
Ruby Hawkins,9015157958
Ruby Paul,9230723055
Russel Reine,8154151485
Russell Ruschmeyer,9895016375
Ruth Fung,9880720310
Ruth Milligan,9138401198
Ruth Posey,7180268425
Ryan Lapointe,8694497738
Ryan Rhodes,8243622182
Ryan Sadler,7233245433
Sally Hyde,8656789458
Sally King,7346857768
Sally Skowron,9795864407
Sandra Cherry,8805623759
Sandra Simpson,8581932229
Sandra Wyatt,7012946172
Sandy Albury,8292323255
Sandy Stewart,8996360214
Sara Collymore,9908444146
Sara Odell,9491633926
Sarah Buster,9110704906
Sarah Rico,6846097697
Sarah Wiltshire,7433904551
Shameka Lamm,8177144652
Shan Cuellar,6884268657
Shana Locklear,9458293702
Shannon Deen,7593185914
Sharon Barrett,6784062897
Sharon Hawk,7526595770
Sharon Lim,8627525324
Sharon Pawloski,8942906037
Sharon Russell,9700270558
Sharon Waldvogel,6832237917
Sharyl Purcell,8196738378
Shawn Curry,8416608564
Shawn Dowell,8624206576
Sheila Dotson,7524185986
Sheila Jones,6951009178
Sheila Lloyd,8046330565
Sheila Mahn,9478596207
Sheila Shemwell,7154138857
Shelby Sturm,8143622400
Shelia Rothrock,9473614309
Shirley Hamlet,7502684729
Simone Haider,9263524019
Simone Taylor,6784526325
Sonia Franklin,8375003626
Sonya Johnson,9515895272
Sonya Mastroianni,9073581403
Stacy Burns,7362768613
Stephanie Crane,6694674413
Stephanie Hough,9975119438
Stephen Bennett,6893150378
Stephen Rodriguez,9623250898
Stephen Verhaag,7006929408
Steve Osborn,7038873444
Steven Goods,8997777400
Steven Kavanagh,8122019376
Steven Maguire,9773480503
Steven Smith,9107029401
Sue Overmyer,9037121692
Sun Evans,7570088390
Susan Bryce,7804229955
Susan Graves,8347026421
Susan Harrell,9143307198
Susan Johnson,8610650566
Susan Key,7886684167
Susan Mott,9577456040
Susan Reeves,8423204308
Susan Rodriquez,6754975170
Susan Williams,9376648204
Suzanna Johnson,8790096479
Sylvia Hughes,9466030504
Tabitha Ziegler,7095799398
Tamara Gower,8194225792
Tammie Brooks,7437714684
Tammie Clifton,7546143685
Tammy Catron,7217227404
Tara Taranto,8782393116
Tara Walters,9558086072
Teresa Fowler,9200994716
Teresa Wilson,6782314063
Teresa Zimmerman,7710409228
Terri Vincent,8988162047
Terry Dahle,7732575629
Terry Landfried,9727399143
Thea Mckinney,8820453055
Thelma Turner,9190993528
Theresa Heard,9131904450
Theresa Potts,6965500600
Thomas Hall,8258881825
Thomas Hipple,6723015138
Thomas Inman,6673393960
Thomas Schultz,7234520403
Tiffany Boucher,7140304617
Tiffany Brown,8932610026
Tiffany Cook,9717812229
Tiffany Mai,9646011825
Tiffany Nelson,6882686435
Tiffany Skeen,7954911294
Timmy Johnson,8925721739
Timothy Hutchinson,9863699153
Timothy Mullins,7323313314
Timothy Robertson,7322708900
Timothy Thomas,6852642068
Tina Mccaskill,7772952488
Tom Firestone,6857963094
Tommy Waldren,6904100772
Tonda Taylor,7147891915
Tony Baldwin,8891257351
Tony Gilmore,9243964464
Tracey Gomez,9005458070
Tracy Woods,9301300505
Travis Lerman,8300380419
Travis Williamston,9358464729
Treva Platt,7743460386
Trinity Lawrence,8164659521
Trudie Shearin,9184152571
Van Bartley,7541368536
Van Copenhaver,7128300601
Vanessa Brandes,9340162316
Velma Hodges,9761484850
Vicki Moore,8881369839
Victoria Fulton,9997071944
Victoria Mecca,7242633429
Vincent Kroon,9553619074
Vincent Mora,8390267756
Violet Mahurin,9320271311
Virginia Evans,7481566044
Virginia Giese,7953492468
Vivian Parks,7353801835
Walter Butler,7395798159
Walter Tanner,8615129718
Wanda Burgess,6756498235
Wanda Norwood,8837318880
Warren Roberts,7434914297
Warren Smith,8778694740
Wayne Whitmire,7086916843
Wendy Madison,9262531515
Whitney Burks,8445615362
Wilda Simpson,8534927085
William Alderson,7123403022
William Ferguson,6840193646
William Glancy,8545802168
William Gooden,9025700607
William Gross,7412524667
William Johnson,6951705785
William Lawson,7198447982
William Opteyndt,7232553356
William Richardson,8465422242
William Scoggins,9317024108
William Thomason,8943199172
William Wagner,8031607067
William Wald,9268161220
Willie Gallegos,9035074093
Willis Clynes,8437718425
Wilma Pickens,7716632918
Winifred Camacho,9255754767
Winnie Leach,8705570484
Yolanda Porter,8477086086
Yolande Villa,7766080921
Yun Winograd,9327546463
Yvette Trippel,6867720207
Zachary Duncanson,9661380103
Zachary Hendry,9311084883
;,�j#��U;,�j#��U;,�j#��U;,�j#��U;,�j#��U;,�j#��U;,�j#��U;,�j#��U;,�j#��U;,�j#��U;,�j#��U;,�j#��U;,�j#��U;,�j#��U;,�j#��U;,�j#��U;,�j#��U;,�j#��U;,�j#��U;,�j#��U;,�j#��U;,�j#��U;,�j#��U;,�j#��U;,�j#��U;,�j#��U;,�j#��U;,�j#��U;,�j#��U;,�j#��U;,�j#��U;,�j#��U;,�j#��U;,�j#��U;,�j#��U;,�j#��U;,�j#��U;,�j#��U;,�j#��U;,�j#��U;,�j#��U;,�j#��U;,�j#��U;,�j#��U;,�j#��U;,�j#��U;,�j#��U;,�j#��U;,�j#��U;,�j#��U;,�j#��U;,�j#��U;,�j#��U;,�j#��U;,�j#��U;,�j#��U;,�j#��U;,�j#��U;,�j#��U;,�j#��U;,�j#��U;,�j#��U;,�j#��U;,�j#��U;,�j#��U;,�j#��U;,�j#��U;,�j#��U;,�j#��U;,�j#��U;,�j#��U;,�j#��U;,�j#��U;,�j#��U;,�j#��U;,�j#��U;,�j#��U;,�j#��U;,�j#��U;,�j#��U;,�j#��U;,�j#��U;,�j#��U;,�j#��U;,�j#��U;,�j#��U;,�j#��U;,�j#��U;,�j#��U;,�j#��U;,�j#��U;,�j#��U;,�j#��U;,�j#��U;,�j#��U;,�j#��U;,�j#��U;,�j#��U;,�j#��U;,�j#��U;,�j#��U;,�j#��U;,�j#��U;,�j#��U;,�j#��U;,�j#��U;,�j#��U;,�j#��U;,�j#��U;,�j#��U;,�j#��U;,�j#��U;,�j#��U;,�j#��U;,�j#��U;,�j#��U;,�j#��U;,�j#��U;,�j#��U;,�j#��U;,�j#��U;,�j#��U;,�j#��U;,�j#��U;,�j#��U;,�j#��U;,�j#��U;,�j#��U;,�j#��U;,�j#��U;,�j#��U;,�j#��U;,�j#��U;,�j#��U;,�j#��U;,�j#��U;,�j#��U;,�j#��U;,�j#��U;,�j#��U;,�j#��U;,�j#��U;,�j#��U;,�j#��U;,�j#��U;,�j#��U;,�j#��U;,�j#��U;,�j#��U;,�j#��U;,�j#��U;,�j#��U;,�j#��U;,�j#��U;,�j#��U;,�j#��U;,�j#��U;,�j#��U;,�j#��U;,�j#��U;,�j#��U;,�j#��U;,�j#��U;,�j#��U;,�j#��U;,�j#��U;,�j#��U;,�j#��U;,�j#��U;,�j#��U;,�j#��U;,�j#��U;,�j#��U;,�j#��U;,�j#��U;,�j#��U;,�j#��U;,�j#��U;,�j#��U;,�j#��U;,�j#��U;,�j#��U;,�j#��U;,�j#��U;,�j#��U;,�j#��U;,�j#��U;,�j#��U;,�j#��U;,�j#��U;,�j#��U;,�j#��U;,�j#��U;,�j#��U;,�j#��U;,�j#��U;,�j#��U;,�j#��U;,�j#��U;,�j#��U;,�j#��U;,�j#��U;,�j#��U;,�j#��U;,�j#��U;,�j#��U;,�j#��U;,�j#��U;,�j#��U;,�j#��U;,�j#��U;,�j#��U;,�j#��U;,�j#��U;,�j#��U;,�j#��U;,�j#��U;,�j#��U;,�j#��U;,�j#��U;,�j#��U;,�j#��U;,�j#��U;,�j#��U;,�j#��U;,�j#��U;,�j#��U;,�j#��U;,�j#��U;,�j#��U;,�j#��U;,�j#��U;,�j#��U;,�j#��U;,�j#��U;,�j#��U;,�j#��U;,�j#��U;,�j#��U;,�j#��U;,�j#��U;,�j#��U;,�j#��U;,�j#��U;,�j#��U;,�j#��U;,�j#��U;,�j#��U;,�j#��U;,�j#��U;,�j#��U;,�j#��U;,�j#��U;,�j#��U;,�j#��U;,�j#��U;,�j#��U;,�j#��U;,�j#��U;,�j#��U;,�j#��U;,�j#��U;,�j#��U;,�j#��U;,�j#��U;,�j#��U;,�j#��U;,�j#��U;,�j#��U;,�j#��U;,�j#��U;,�j#��U;,�j#��U;,�j#��U;,�j#��U;,�j#��U;,�j#��U;,�j#��U;,�j#��U;,�j#��U;,�j#��U;,�j#��U;,�j#��U;,�j#��U;,�j#��U;,�j#��U;,�j#��U;,�j#��U;,�j#��U;,�j#��U;,�j#��U;,�j#��U;,�j#��U;,�j#��U;,�j#��U;,�j#��U;,�j#��U;,�j#��U;,�j#��U;,�j#��U;,�j#��U;,�j#��U;,�j#��U;,�j#��U;,�j#��U;,�j#��U;,�j#��U;,�j#��U;,�j#��U;,�j#��U;,�j#��U;,�j#��U;,�j#��U;,�j#��U;,�j#��U;,�j#��U;,�j#��U;,�j#��U;,�j#��U;,�j#��U;,�j#��U;,�j#��U;,�j#��U;,�j#��U;,�j#��U;,�j#��U;,�j#��U;,�j#��U;,�j#��U;,�j#��U;,�j#��U;,�j#��U;,�j#��U;,�j#��U;,�j#��U;,�j#��U;,�j#��U;,�j#��U;,�j#��U;,�j#��U;,�j#��U;,�j#��U;,�j#��U;,�j#��U;,�j#��U;,�j#��U;,�j#��U;,�j#��U;,�j#��U;,�j#��U;,�j#��U;,�j#��U;,�j#��U;,�j#��U;,�j#��U;,�j#��U;,�j#��U;,�j#��U;,�j#��U;,�j#��U;,�j#��U;,�j#��U;,�j#��U;,�j#��U;,�j#��U;,�j#��U;,�j#��U;,�j#��U;,�j#��U;,�j#��U;,�j#��U;,�j#��U;,�j#��U;,�j#��U;,�j#��U;,�j#��U;,�j#��U;,�j#��U;,�j#��U;,�j#��U;,�j#��U;,�j#��U;,�j#��U;,�j#��U;,�j#��U;,�j#��U;,�j#��U;,�j#��U;,�j#��U;,�j#��U;,�j#��U;,�j#��U;,�j#��U;,�j#��U;,�j#��U;,�j#��U;,�j#��U;,�j#��U;,�j#��U;,�j#��U;,�j#��U;,�j#��U;,�j#��U;,�j#��U;,�j#��U;,�j#��U;,�j#��U;,�j#��U;,�j#��U;,�j#��U;,�j#��U;,�j#��U;,�j#��U;,�j#��U;,�j#��U;,�j#��U;,�j#��U;,�j#��U;,�j#��U;,�j#��U;,�j#��U;,�j#��U;,�j#��U;,�j#��U;,�j#��U;,�j#��U;,�j#��U;,�j#��U;,�j#��U;,�j#��U;,�j#��U;,�j#��U;,�j#��U;,�j#��U;,�j#��U;,�j#��U;,�j#��U;,�j#��U;,�j#��U;,�j#��U;,�j#��U;,�j#��U;,�j#��U;,�j#��U;,�j#��U;,�j#��U;,�j#��U;,�j#��U;,�j#��U;,�j#��U;,�j#��U;,�j#��U;,�j#��U;,�j#��U;,�j#��U;,�j#��U;,�j#��U;,�j#��U;,�j#��U;,�j#��U;,�j#��U;,�j#��U;,�j#��U;,�j#��U;,�j#��U;,�j#��U;,�j#��U;,�j#��U;,�j#��U;,�j#��U;,�j#��U;,�j#��U;,�j#��U;,�j#��U;,�j#��U;,�j#��U;,�j#��U;,�j#��U;,�j#��U;,�j#��U;,�j#��U;,�j#��U;,�j#��U;,�j#��U;,�j#��U;,�j#��U;,�j#��U;,�j#��U;,�j#��U;,�j#��U;,�j#��U;,�j#��U;,�j#��U;,�j#��U;,�j#��U;,�j#��U;,�j#��U;,�j#��U;,�j#��U;,�j#��U;,�j#��U;,�j#��U;,�j#��U;,�j#��U;,�j#��U;,�j#��U;,�j#��U;,�j#��U;,�j#��U;,�j#��U;,�j#��U;,�j#��U;,�j#��U;,�j#��U;,�j#��U;,�j#��U;,�j#��U;,�j#��U;,�j#��U;,�j#��U;,�j#��U;,�j#��U;,�j#��U;,�j#��U;,�j#��U;,�j#��U;,�j#��U;,�j#��U;,�j#��U;,�j#��U;,�j#��U;,�j#��U;,�j#��U;,�j#��U;,�j#��U;,�j#��U;,�j#��U;,�j#��U;,�j#��U;,�j#��U;,�j#��U;,�j#��U;,�j#��U;,�j#��U;,�j#��U;,�j#��U;,�j#��U;,�j#��U;,�j#��U;,�j#��U;,�j#��U;,�j#��U;,�j#��U;,�j#��U;,�j#��U;,�j#��U;,�j#��U;,�j#��U;,�j#��U;,�j#��U;,�j#��U;,�j#��U;,�j#��U;,�j#��U;,�j#��U;,�j#��U;,�j#��U;,�j#��U;,�j#��U;,�j#��U;,�j#��U;,�j#��U;,�j#��U;,�j#��U;,�j#��U;,�j#��U;,�j#��U;,�j#��U;,�j#��U;,�j#��U;,�j#��U;,�j#��U;,�j#��U;,�j#��U;,�j#��U;,�j#��U;,�j#��U;,�j#��U;,�j#��U;,�j#��U;,�j#��U;,�j#��U;,�j#��U;,�j#��U;,�j#��U;,�j#��U;,�j#��U;,�j#��U;,�j#��U;,�j#��U;,�j#��U;,�j#��U;,�j#��U;,�j#��U;,�j#��U;,�j#��U;,�j#��U;,�j#��U;,�j#��U;,�j#��U;,�j#��U;,�j#��U;,�j#��U;,�j#��U;,�j#��U;,�j#��U;,�j#��U;,�j#��U;,�j#��U;,�j#��U;,�j#��U;,�j#��U;,�j#��U;,�j#��U;,�j#��U;,�j#��U;,�j#��U;,�j#��U;,�j#��U;,�j#��U;,�j#��U;,�j#��U;,�j#��U;,�j#��U;,�j#��U;,�j#��U;,�j#��U;,�j#��U;,�j#��U;,�j#��U;,�j#��U;,�j#��U;,�j#��U;,�j#��U;,�j#��U;,�j#��U;,�j#��U;,�j#��U;,�j#��U;,�j#��U;,�j#��U;,�j#��U;,�j#��U;,�j#��U;,�j#��U;,�j#��U;,�j#��U;,�j#��U;,�j#��U;,�j#��U;,�j#��U;,�j#��U;,�j#��U;,�j#��U;,�j#��U;,�j#��U;,�j#��U;,�j#��U;,�j#��U;,�j#��U;,�j#��U;,�j#��U;,�j#��U;,�j#��U;,�j#��U;,�j#��U;,�j#��U;,�j#��U;,�j#��U;,�j#��U;,�j#��U;,�j#��U;,�j#��U;,�j#��U;,�j#��U;,�j#��U;,�j#��U;,�j#��U;,�j#��U;,�j#��U;,�j#��U;,�j#��U;,�j#��U;,�j#��U;,�j#��U;,�j#��U;,�j#��U;,�j#��U;,�j#��U;,�j#��U;,�j#��U;,�j#��U;,�j#��U;,�j#��U;,�j#��U;,�j#��U;,�j#��U;,�j#��U;,�j#��U;,�j#��U;,�j#��U;,�j#��U;,�j#��U;,�j#��U;,�j#��U;,�j#��U;,�j#��U;,�j#��U;,�j#��U;,�j#��U;,�j#��U;,�j#��U;,�j#��U;,�j#��U;,�j#��U;,�j#��U;,�j#��U;,�j#��U;,�j#��U;,�j#��U;,�j#��U;,�j#��U;,�j#��U;,�j#��U;,�j#��U;,�j#��U;,�j#��U;,�j#��U;,�j#��U;,�j#��U;,�j#��U;,�j#��U;,�j#��U;,�j#��U;,�j#��U;,�j#��U;,�j#��U;,�j#��U;,�j#��U;,�j#��U;,�j#��U;,�j#��U;,�j#��U;,�j#��U;,�j#��U;,�j#��U;,�j#��U;,�j#��U;,�j#��U;,�j#��U;,�j#��U;,�j#��U;,�j#��U;,�j#��U;,�j#��U;,�j#��U;,�j#��U;,�j#��U;,�j#��U;,�j#��U;,�j#��U;,�j#��U;,�j#��U;,�j#��U;,�j#��U;,�j#��U;,�j#��U;,�j#��U;,�j#��U;,�j#��U;,�j#��U;,�j#��U;,�j#��U;,�j#��U;,�j#��U;,�j#��U;,�j#��U;,�j#��U;,�j#��U;,�j#��U;,�j#��U;,�j#��U;,�j#��U;,�j#��U;,�j#��U;,�j#��U;,�j#��U;,�j#��U;,�j#��U;,�j#��U;,�j#��U;,�j#��U;,�j#��U;,�j#��U;,�j#��U;,�j#��U;,�j#��U;,�j#��U;,�j#��U;,�j#��U;,�j#��U;,�j#��U;,�j#��U;,�j#��U;,�j#��U;,�j#��U;,�j#��U;,�j#��U;,�j#��U;,�j#��U;,�j#��U;,�j#��U;,�j#��U;,�j#��U;,�j#��U;,�j#��U;,�j#��U;,�j#��U;,�j#��U;,�j#��U;,�j#��U;,�j#��U;,�j#��U;,�j#��U;,�j#��U;,�j#��U;,�j#��U;,�j#��U;,�j#��U;,�j#��U;,�j#��U;,�j#��U;,�j#��U;,�j#��U;,�j#��U;,�j#��U;,�j#��U;,�j#��U;,�j#��U;,�j#��U;,�j#��U;,�j#��U;,�j#��U;,�j#��U;,�j#��U;,�j#��U;,�j#��U;,�j#��U;,�j#��U;,�j#��U;,�j#��U;,�j#��U;,�j#��U;,�j#��U;,�j#��U;,�j#��U;,�j#��U;,�j#��U;,�j#��U;,�j#��U;,�j#��U;,�j#��U;,�j#��U;,�j#��U;,�j#��U;,�j#��U;,�j#��U;,�j#��U;,�j#��U;,�j#��U;,�j#��U;,�j#��U;,�j#��U;,�j#��U;,�j#��U;,�j#��U;,�j#��U;,�j#��U;,�j#��U;,�j#��U;,�j#��U;,�j#��U;,�j#��U;,�j#��U;,�j#��U;,�j#��U;,�j#��U;,�j#��U;,�j#��U;,�j#��U;,�j#��U;,�j#��U;,�j#��U;,�j#��U;,�j#��U;,�j#��U;,�j#��U;,�j#��U;,�j#��U;,�j#��U;,�j#��U;,�j#��U;,�j#��U;,�j#��U;,�j#��U;,�j#��U;,�j#��U;,�j#��U;,�j#��U;,�j#��U;,�j#��U;,�j#��U;,�j#��U;,�j#��U;,�j#��U;,�j#��U;,�j#��U;,�j#��U;,�j#��U;,�j#��U;,�j#��U;,�j#��U;,�j#��U;,�j#��U;,�j#��U;,�j#��U;,�j#��U;,�j#��U;,�j#��U;,�j#��U;,�j#��U;,�j#��U;,�j#��U;,�j#��U;,�j#��U;,�j#��U;,�j#��U;,�j#��U;,�j#��U;,�j#��U;,�j#��U;,�j#��U;,�j#��U;,�j#��U;,�j#��U;,�j#��U;,�j#��U;,�j#��U;,�j#��U;,�j#��U;,�j#��U;,�j#��U;,�j#��U;,�j#��U;,�j#��U;,�j#��U;,�j#��U;,�j#��U;,�j#��U;,�j#��U;,�j#��U;,�j#��U;,�j#��U;,�j#��U;,�j#��U;,�j#��U;,�j#��U;,�j#��U;,�j#��U;,�j#��U;,�j#��U;,�j#��U;,�j#��U;,�j#��U;,�j#��U;,�j#��U;,�j#��U;,�j#��U;,�j#��U;,�j#��U;,�j#��U;,�j#��U;,�j#��U;,�j#��U;,�j#��U;,�j#��U;,�j#��U;,�j#��U;,�j#��U;,�j#��U;,�Z=��UAaron Bullinger,8767699845
Aaron Hamilton,8488798339
Aaron Hodges,7310106447
Aaron Sands,7156827109
Abbie Guevara,6786700694
Adam Hebert,9997639062
Adam Morgan,7430948004
Adan Brogan,9435810197
Adeline Smitherman,6711289768
Adrienne Fleischmann,7676573278
Agatha Snedegar,6707831233
Aileen Ashbrook,7691103063
Alaina Kuhr,6948430536
Alan Lewis,9952195393
Alan Scott,7947263214
Albert Reveal,6933051672
Alexandra Brown,6877316895
Alexis Hernandez,9458322476
Alfredo Lebel,9474665980
Alia Petitti,8752872826
Alice Almond,7260063910
Alice Buchner,9628848349
Alice Mcauley,9918691898
Alice Vella,7816263217
Alicia Best,9522301548
Allen Morales,7782146157
Allen Trimpe,9716177768
Alonzo Burr,7683096370
Alpha Hernandez,7198576455
Alton Kirkpatrick,7742143489
Alton Zwilling,8124602571
Alyce Herrera,9380207825
Amanda Bacon,6953525098
Amanda Rustrian,6902888093
Amber Henry,8443130573
Amy Richter,7665926883
Ana Chun,8301538470
Andrew Dampeer,9535103407
Andrew Faron,6860225206
Andrew Fields,9136060551
Andrew Hanson,6986503592
Angela Chow,8310268244
Angela Mcclinsey,9117766558
Angelina Shakir,8196845026
Angeline Hale,6844647290
Ann Schwalbe,8938400505
Ann Shuler,9423251459
Anna Seifert,7498272784
Anne Damron,8896282418
Annette Lopez,9051162541
Annie Kaiser,6970876113
Anthony Dunneback,7192921313
Anthony Johnson,9333792917
Anthony Lee,7232763126
Anthony Phillips,9006849978
Anthony Snyder,9434569466
Antonio Harper,8302691065
Antonio Wellman,7553704147
Arlen Mitchell,7350912861
Arlie Smith,7502066945
Arnold Edemann,9751504557
Aron Denham,7171797531
Arthur Ferrara,8180255905
Arturo Posey,6682936669
Ashley Murphy,8997610059
Austin Edwards,7802928037
Austin Shaw,9262530893
Autumn Rideau,7562076236
Ava Freiler,8934120693
Barbara Bennett,7395553326
Barbara Crossley,8710454868
Barbara Friedman,7581192265
Barbara Hart,8636280124
Barbara Hewitt,8153778752
Barbara Isbell,6910243962
Barbara Mason,9927581729
Barbara Powel,9541141129
Barbara Turner,7120941065
Barbara Watkins,9714497014
Barbara Whittmore,6753879905
Barbara Wiese,9677072347
Barney Diego,7150218875
Bart Sibbett,9866151316
Beatrice Nance,7486834141
Beatrice Salazar,7967624531
Ben Brain,9992001923
Benjamin Bates,8911174383
Bernice Berube,8372399088
Bertha Johnson,7094859203
Bessie Strider,9217498569
Beth Gonzales,7390020496
Betsy Demski,8347016541
Betty Babb,9578776136
Betty Carr,7576124281
Betty Davis,6660896320
Betty Feldman,8627243148
Betty Hogsett,8667488497
Betty Wilson,6980375565
Beverly Luce,7671115686
Beverly Schwandt,9136691672
Beverly Williams,9897395788
Bobby Freeman,7425564256
Bobbye Mendoza,8821610732
Bonita Johnson,9176947994
Bonnie Ames,9374169001
Bonnie Palmer,8121867518
Brad Wray,7114621441
Brady Farmer,9047717153
Branden Fernandez,8128078894
Brandon Cranford,6842732912
Brandon Madruga,8182831802
Brandy Eldredge,7744478099
Brenda Etkin,9184295046
Brenda Nguyen,7558802102
Brian Baker,6935333631
Brian Clemons,7030137750
Brian Hiller,9294255929
Brian Mccormick,8921223295
Brice Lee,7326787906
Bridget Burke,8955166193
Bruce Blanchard,8831779028
Bruce Roscoe,8044899462
Buddy Campbell,7608679921
Burl Yazzie,9027659494
Carl Ferguson,8362317995
Carl Kennedy,9320317228
Carl Zamarripa,9818452399
Carla Erickson,8673059676
Carlos French,7401876929
Carmella Cosby,9540562970
Carmen Jimenez,8742527706
Carmon Delzer,7923191457
Carole House,9518640342
Caroline Hall,8221410919
Carolyn Dixon,7262285901
Carolyn Gonzalez,8383072226
Carolyn Norgard,8661153147
Carolyn Wilson,8810557025
Cary Davis,9937606471
Cathrine Poblete,9728479441
Cecil Kelley,8691077525
Cecile Bates,7187800380
Cecile Ellington,8484433409
Celina Makin,7554420328
Cesar House,7702199866
Charles Barragan,8655599522
Charles Cole,8726621253
Charles Davis,9477965968
Charles Greenwood,7835821438
Charles Hatch,8907432793
Charles Hutchingson,7620836930
Charles Mccain,8052771594
Charles Mercier,7765863321
Charles Poole,7911101310
Charles Roman,8995593133
Charlie Lance,7753933768
Cheryl Amos,7216534598
Cheryl Ballard,6866486059
Cheryl Larsen,7283378130
Chris Ford,9582334940
Chris Kump,7831150891
Chris Lane,9167182233
Christie Jarrell,7603791528
Christina Kettler,9645360777
Christine Kennedy,8830392744
Christine Sharpe,6764910640
Christopher Adams,9314230358
Christopher Casey,7080739213
Christopher Depriest,9427898695
Christopher Nelson,7325366646
Cindy Blackmer,8354014114
Cindy Finley,8628766602
Cindy Thompson,8607985241
Claire Williams,9772272837
Clay Hess,9057717505
Clifford Hensley,7926712147
Clifford Windly,8137167759
Colby Showman,8738541654
Connie Hale,8616714658
Constance Washington,9267408671
Cornelia Beattie,8990303179
Craig Thompson,8090814557
Crystal Blakney,8777197332
Curtis Lavine,8913141574
Cynthia Crawford,9084411143
Cynthia Garkow,8031196446
Cynthia Phelan,7690761376
Cynthia Severance,7485175254
Cynthia Welch,7226892574
Daisy Crain,9087420826
Damien Suarez,8427369029
Daniel Bernardo,8757735735
Daniel Brocklehurst,8635105797
Daniel Crumpton,8945082931
Daniel Holloway,9686872973
Daniel Hunt,8776708918
Daniel Simmons,9436650247
Danny Pitcherello,9376563856
Darrell Boonstra,9647374283
Darrell Rodriquez,7880401603
Daryl Deveau,6886796208
David Akin,7815652237
David Broome,6983157660
David Elston,6695041996
David Gribbin,7106151904
David Howerton,8931872930
David Jaramillo,7487336624
David Johnston,9882332158
David Lopez,8155393889
David Mcfarland,9367723420
David Phelan,6673182002
David Rhudy,9796139638
David Rodriguez,6718888268
David Santiago,7922482882
David Shelton,8921501784
David Simpson,7247767612
David Stearns,7958443461
David Valencia,7100203645
Dawn Bush,6721264312
Dawn Roberts,8650454449
Dean Maddox,6698217164
Deana Guyer,8277009449
Deanna Fabian,9584410894
Deborah Guerra,9698549971
Debra Foreman,7068636107
Debra Ruder,7048317296
Debra Wasson,8522374662
Denice Palmer,7455268124
Denise Mcgeorge,9817150858
Dennis Castillo,8073066005
Dennis Crandell,9256918005
Dennis Jones,9078283336
Dennis Tapia,8882387927
Derrick Johnson,9167642893
Dewey Campbell,7391452473
Diane Bailey,8035869905
Diane Glenn,9646525696
Diane Poston,6747500671
Dirk Carlson,6736622704
Dolly Ortiz,9464121248
Donald Bates,6771743178
Donald Brown,8951301417
Donald Johnson,9381703317
Donald Post,7303599050
Donald Rashid,7597353161
Donald Siddall,9821543148
Donna Book,7657339827
Donna Derentis,7887708789
Donna Pearson,9345165880
Donna Przedwiecki,7063771475
Donna Strouse,7725523117
Doris Lora,9681347038
Dorothy Harmon,8714672598
Dorothy Shepard,9725799041
Dorothy White,7426526923
Dorothy Wilke,9423319494
Dorothy Wilson,8042592074
Douglas Garza,8318245777
Douglas Harris,6773144028
Douglas Jones,8033927291
Douglas Kochevar,8928102092
Duane Gardner,8618248840
Dulcie Parker,7334391620
Dustin Hicks,7421917846
Dwight Donohue,9868389380
Dwight Garcia,9706482549
Earl Mader,7924135361
Earline Thompson,8806232482
Edgardo Frost,7230485905
Edna Figueroa,8256393627
Edna Mitchell,8633371542
Edward Bailey,9288525792
Edward Johnson,8063018630
Edward Priolo,9907732766
Edward Rothrock,6941655254
Edwin Bennett,9542896894
Elbert Mcfaddin,9495632374
Elinor Viesselman,7504817749
Elizabeth Lundberg,7831959683
Elizabeth Oswalt,9914844409
Elizabeth Parsons,9993453306
Ella Washington,9133837872
Elmer Roberts,6700933242
Elna Dixon,7862018220
Eloise Ganey,9573079089
Elsie Perdue,7027145622
Elvira Sparks,9291155857
Emilio Simon,9562758457
Eric James,6874261375
Eric Johnson,8344725922
Eric Montgomery,9315010561
Erin Hibbard,6855845109
Ernestine Gutierrez,8597073716
Estrella Owston,8420517307
Ethel Kirchoff,7503970226
Ethel Wester,8746406234
Eugene Lattea,9940713722
Eugene Rodriguez,9450536893
Eva Ellenberger,9172570203
Eva Harvey,8838568389
Eve Ashford,9361592182
Eve Bridgeman,6897566969
Evelyn Mccullough,8304612903
Felecia Wynia,7767574981
Flora Weathers,7898424805
Florence Arnold,7531023874
Florence Pacheco,8786130573
Florence Robinson,6992437124
Florentina Radune,8271223846
Frances Chaney,7211523417
Frances White,8250421584
Frank Adkins,8166061356
Frank Coates,6695783427
Frank Kincaid,9678135286
Frankie Caplan,8534160843
Fred Burnham,8383863030
Fred Fernandez,8430246092
Fred Keegan,8627670295
Frederick Maass,7395365660
Fredrick Shakin,7630604013
Garland Sheroan,7643986251
Gary Kunkel,7125156489
Gary Oles,8836032220
Gary Skidmore,9917509264
Gary Walton,9911878179
George Oliver,6837086836
George Sheffield,9837573773
George Vigil,8652592369
Georgia Mason,9097284229
Georgianna Cornett,6907271706
Gerald Greene,9083203393
Gerald Rega,8572211235
Geraldine King,7183751674
Gerardo Bullard,9305874149
Gilbert Guthrie,9361391104
Gina Edmisten,8868204110
Gina Riesner,8234501700
Glenn Farr,6791889612
Glenn Golding,9114482058
Glenn Hammonds,9917729524
Grace Douds,8955548326
Grace Kummer,8403506651
Grace Wittner,9156796525
Gregg Boggioni,7721347763
Gregory Kaltz,6926254608
Hallie Sipos,9438658451
Hannah Bone,7750454657
Harlan Mohr,9446824571
Harold Adams,9385651601
Harry Ware,7080604690
Haywood Banks,9221720596
Heather Bloodworth,8831727418
Heather Schneeman,9211183371
Hector Capozzoli,6665401844
Hector Loew,8868445611
Hector Mccormick,8468868133
Heidi Johnson,9012127215
Helen Cook,8132060696
Helen Cunningham,8780883008
Helen Hunt,6927116177
Henry Bailey,9351751040
Henry Roberts,7848259101
Herbert Hernandez,9510257382
Hillary Drozd,7552307536
Hilton Mcgraw,7861260089
Howard Bergesen,8560275293
Hubert Morgan,7481803233
Humberto Lipscomb,8236834171
Ida Brown,9678554834
Ida Faley,6725043051
Ida Reif,8040016796
Ina Hall,7514580276
Iris Goodwin,8871052479
Irwin Vernon,8832992614
Isabelle Nickerson,8131420456
Ivory Adkins,9721239694
Ivory Popovich,7454214470
Ivy Davidson,9243101643
Jack Andrews,7994173761
Jack Beck,7566837688
Jackie Delarosa,8248698943
Jacob Ferra,7433989975
Jacob Hawkins,7993883881
Jacob Schaefer,9301020070
Jacqueline Byrd,8640953576
Jamaal Reeves,7886224277
James Booth,7585082505
James Clapham,7002390788
James Green,7148583408
James Hosick,8940456590
James Ledet,7083581006
James Monroe,6796420236
James Raines,8226312290
James Sanges,7457495461
James Smisek,7330442396
James Snowden,6701275800
Jamie Whipple,8338036367
Janet Villa,6883441727
Jasmine Sparkman,7314496875
Jason Chrisco,9363862600
Jason Hale,8045531507
Jason Mckinnon,9206354545
Jason Scott,8352803948
Jason Stewart,9015385959
Jean Ballard,7786937491
Jean Pack,8623954560
Jean Steuer,7751260243
Jeanetta Mandujano,8497605764
Jeanine Little,8935342292
Jeanne Gibson,8535878583
Jeff Lindblom,9804604798
Jeffrey Bass,7455285927
Jeffrey Johnson,9592749783
Jeffrey Robbins,8557486166
Jeffrey Romero,9896867608
Jeffrey Shepherd,9104439070
Jeffrey Spencer,7197915782
Jennifer Conley,8225414582
Jennifer Nivens,9044137305
Jennifer Starkey,7202969431
Jennifer Wood,9381512039
Jerald Lynn,7506235096
Jeremy Barnette,8092866493
Jeremy Christensen,6718744960
Jeremy Harrison,8917265891
Jerrod Miera,6891861605
Jerry Eash,9631425838
Jerry Griffin,9121150653
Jerry Mcpherson,7562885088
Jerry Silvers,8066334553
Jesse Manning,9976747388
Jessica Cannon,7738435901
Jessica Lewis,9357562907
Jessica Robinson,9665934391
Jessica Solarz,8290169802
Jessica Sykes,7975491127
Jessica Szczesny,6684955799
Jessie Dolfi,9783252119
Jessie Haught,6904140577
Jessie Katz,9296958774
Jimmy Griffith,9241026330
Jo Christopher,8717196904
Jo Gadsden,7743451407
Joan Oneill,7695569246
Joanna Hayden,8202222196
Jody Marshall,8213474556
Joe Debartolo,8600666952
Joe Lee,9955048939
Joe Rady,6988520717
Joel Benavides,9420108038
Joel Gandy,7393374679
Joey Almond,6933202533
John Chadwell,7956944334
John Evans,9887334713
John Guevara,9207235810
John Larson,7892715421
John Reber,8251768246
John Taylor,8945414660
John Watts,7446723274
John Wilson,6963660980
Johnna Khalid,7271459334
Johnny Sheehan,7387979489
Jon Aguilar,9266761343
Jonathan Brown,8878343977
Jonathan Burkholder,7484632802
Jorge Monroy,7081610275
Jose Dwaileebe,7962638712
Jose Fenwick,7282163635
Jose Howard,8646906448
Jose Law,9088181456
Jose Rodrigez,9515195206
Jose Wichmann,8524189518
Joseph Burtner,8932246431
Joseph Casey,9076915582
Joseph Curry,8713054396
Joseph Gustin,8767134962
Joseph Merritt,9791920292
Joseph Rodriguez,6863457415
Joseph Rowden,8585587122
Joseph Valdez,6894257089
Joshua Jones,9000622561
Joshua Quezada,8226081840
Joshua Sanchez,9120909593
Joshua Wolfe,8680883299
Josie Powell,7040906068
Joy Ryan,8565100378
Juan Geer,8170432742
Juan Homan,9023855082
Juana Bartley,8918350364
Juana Reilly,7957116269
Juanita Vaughn,9354510300
Juanita Williams,9403473537
Judith Juarez,7291811318
Judith Perez,6684280240
Judy Veltre,9082212508
Julia Wasmer,7860790689
Julie Lavoie,8396360571
Julius Hunt,7440063515
June Walker,8010907907
Justin Dillard,8753457203
Justin Grosso,8102808779
Justine Deleon,9007978086
Karen Skinner,9605690930
Katherine Chumley,9464907677
Katherine Joyner,8661213560
Katherine Marshall,8744007550
Katherine Strickland,7484135268
Kathie Gibbs,8423937079
Kathleen Holmes,6888608063
Kathleen Peatross,7653289509
Kathy Moore,7666154360
Kathy Owston,6900927442
Kathy Wolff,9616602761
Keith Bicknell,8713542182
Keith Matthews,7284758543
Kelly Dang,7033267300
Kelly Finkle,9135187728
Kelly Hale,9138626793
Kelly Hayes,8164204410
Kelly Sowder,9798654992
Kelly Webster,9336245498
Kelvin Wilson,9666584161
Kendra Kenkel,6813382227
Kendra Young,8087404727
Kenneth Brown,9606674038
Kenneth Coley,8661963643
Kenneth Faustini,7512751699
Kenneth Fernandez,9524023328
Kenneth Pouncil,8312721732
Kermit Downs,8681689227
Kevin Bennett,8800984556
Kevin Perez,8986581314
Kevin Stephenson,6968191005
Kimberly Martinez,9986681070
Kimberly Roberson,9670635284
Kimberly Welk,7083566844
Kristy Powers,8263830736
Kyle Pirrone,7836574774
Lamar Beltrami,8982578223
Lane Korsmeyer,7408263847
Larry Brown,8525821319
Larry Hogan,8092692995
Larry Mullins,7117193385
Latasha Iribarren,8714864767
Laura Hurst,9926887336
Lavon Smith,9880430713
Lawrence Centeno,9174147419
Lawrence Jackson,9875926796
Lawrence Mcmasters,7756064261
Lawrence Polite,8367305622
Lawrence Steadman,6732806884
Leila Paramo,7722607567
Lela Shaw,9584500404
Leon Regalado,9685663233
Leon Vernon,8363188556
Leon Wheelock,9927807249
Leonard Anderson,8750540795
Leonard Hope,9677287350
Leonard Kelley,8937251766
Lesa Dupree,8001938887
Leslie Duckworth,9555550634
Leslie Wilson,9046794316
Lewis Cleckner,8068519893
Lillie Gates,8628871344
Linda Brantley,8277647320
Linda Cormier,9814197314
Linda Davison,6953664970
Linda Haar,8124742639
Linda Pearson,8997709294
Linda Perkins,6705627490
Linda Thomas,7224312468
Linda Zeringue,9657938393
Lindsay Furlong,7712205033
Lino Robinson,7670104697
Lisa Thomas,7646539533
Lois Crump,8637175562
Lois Joosten,9771895005
Lola Gray,9855917480
Lonnie Ham,9502439980
Lora Schradle,9417894091
Lori Ledbetter,7637051410
Lorraine Campbell,9706920573
Lucas Wallace,7612603281
Lucy Burrell,7028779042
Luis Bova,7273966104
Luis Hausman,9801354789
Lula Chouteau,8681982827
Luther Moody,7405128998
Lyla Hill,6808112881
Lyman Friou,8381785237
Lynda Griffey,9084722808
Lynn Adams,9051309458
Mabel Heelan,9986791012
Madeleine Ellis,7210281195
Madeline Pera,7457293057
Madeline Reardon,7490995947
Maggie Albrekht,8081283222
Majorie Clark,7340672756
Mandy Lynch,9312470759
Manuel Dow,6831359902
Manuel Freeze,8735040495
Manuel Kingsbury,9772275383
Marco Davis,8656330569
Margaret Fleury,8487059274
Margaret Halpin,9725084334
Margaret Hight,7480420278
Margarito Preston,8300823714
Mari Lahr,8522314702
Maria Austin,8473193914
Maria Berry,7931807992
Maria Lamey,7704341143
Maria Mehtani,7915182972
Maria Syrett,8028234448
Maria Tart,9597033594
Marilyn Rentschler,8147567002
Marina Washington,6891494720
Mario Cullinan,7467140762
Mario Fedele,8738629495
Marion Dunnings,9058870692
Marion Stone,7115421330
Marisol Reitz,9000048284
Marjorie Mccormick,7410978358
Marjorie Saldana,8514366428
Mark Carlin,8795038061
Mark Maxwell,7476080875
Mark Mcanulty,7741073742
Mark Price,9916392019
Marshall Gross,9806071628
Marta Hawkins,8428512495
Martha Bailey,9403816495
Martha Kerrigan,9158193771
Martina Schmelz,7272858494
Mary Bushee,6826006206
Mary Butcher,9824140095
Mary Cunningham,8810586140
Mary Dawson,7873713351
Mary Dolan,7547690522
Mary Dorrance,8243409233
Mary Ellis,9595895707
Mary Engelhart,7591145082
Mary Hester,7755404705
Mary Lee,8978294440
Mary Meyers,8146778226
Mary Nalevanko,7155966115
Mary Rainwater,6986202647
Mary Ryan,7411713495
Mary Smith,8341035774
Mary Tedder,7833737312
Mary Transue,7805268861
Mary Uribe,9250282338
Mary Washington,7426057444
Mary Wood,9642302794
Mary Woods,8288022579
Mary Yahna,6683829603
Maryjo Macek,7911863033
Matthew Allen,9186207807
Matthew Kahler,9451300222
Matthew Mitchell,8425586574
Matthew Riddick,7446685336
Mauricio Adams,9541311585
Mauro Watkins,7546336272
Maxine Raschke,7698270702
Megan Helgeson,8722438580
Melinda Carr,8340743012
Melissa Dadson,8162769454
Melissa Levine,9143944271
Melissa Roberge,9595747308
Michael Allen,9302060768
Michael Baldridge,8480525767
Michael Chavez,7342968730
Michael Harding,6775932972
Michael Helwig,8438782401
Michael Hernandez,7451356400
Michael Horka,7071289376
Michael Howard,9503159960
Michael Jones,6928048692
Michael Lofton,8756938150
Michael Parker,8891204243
Michael Porter,9840252830
Michael Rossin,6743630380
Michael Rutland,7497326373
Michael Schenk,7721183732
Michael Scholl,8785020946
Michael Scott,8854413966
Michael Villagomez,9683384020
Michael Warnke,6775890482
Micheal Bradley,8240863900
Micheal Nakagawa,8312456302
Michele Pichette,9580824043
Michelle Callihan,7191821971
Michelle Pitcock,7035749060
Michelle Woodard,8186264800
Mike Elliott,9378094686
Mike Trujillo,9167354825
Mildred Ferdig,6868642757
Mildred Maxwell,8775012373
Mildred Schusterman,9797234267
Miles Badger,9275399932
Milton Caldwell,8227657181
Minnie Smith,7068054967
Mirna Burnett,8816679446
Missy Cole,9807541317
Mitzi Millsap,7716275140
Monica Alexander,9150204791
Monica Estrella,9960372402
Monica Olivero,9727517792
Monique Gibson,7780844415
Muriel Jordan,9055187528
Nancy Boyd,9868062440
Nancy Bryant,7643737378
Nancy Cruz,7055389467
Nathalie Scholler,9825019770
Neil Brown,9337108646
Neil Martin,7290908695
Nellie Valdez,9006677109
Nelson Sims,8012755854
Nereida Roark,9524443712
Nicholas Cain,8492705080
Nicholas Martin,7754167257
Nicholas Venhorst,9262688899
Nick Moran,8493790243
Nicolas Norrick,6862090835
Nicole Miller,8093228116
Nicole Myers,7604972997
Nicole Ziegler,8463547939
Nikki Boshart,8885055406
Norma Conley,9491319680
Norma Nelson,7883645635
Norma Pugliares,8444515326
Norman Darrin,9020393630
Oliver Fulop,8358021601
Pamela Black,6997495915
Pamela Duryea,8448274144
Pamela Finnegan,7705325643
Pamela Maciasz,7487640547
Patricia Benninger,8084669380
Patricia Clopton,9182179510
Patricia Dukes,8180692207
Patricia Gatling,9060162227
Patricia Marcus,9417188370
Patricia Nguyen,9655980336
Patricia Watt,7903598037
Paul Asbury,7590363227
Paul Brown,7578302346
Paul Mattingly,7864231182
Paul Mccrystal,8357544303
Paul Mcdonald,7840869315
Paul Miller,8283741002
Paul Stark,8548541768
Paul Wooten,9528481180
Paulina Neely,8902830358
Pedro Krammes,9571663215
Peggy Inciong,8515789915
Peggy Lozano,8485807581
Peggy Reed,8092108577
Peggy Robinson,8402394139
Perry Parnell,9531455502
Peter Simmons,9348644664
Peter Stinett,7350975165
Peter Walden,8913839715
Peter Williams,7622309226
Phillip Horan,8644396791
Phoebe Fuchs,7845149453
Racheal Ries,8857560421
Rae Fournier,8202877108
Rafael Nordin,8602900402
Ralph Ferraro,9166551246
Ralph Moe,8945805576
Ralph Moore,7361226592
Ramona Vanhoose,9828578010
Randall Clark,9126384178
Randall Spanton,9362037300
Randy Cannon,6815171625
Randy Crafford,6723911818
Raven Slack,7873323828
Ray Prentice,8447883423
Raymond Hines,6817120241
Rebekah Smith,8121423059
Regina Laigle,9718367914
Reginald Agustin,8865090953
Reginald Johnson,8812869958
Reginald Messersmith,6723081551
Renee Kampa,6948491236
Richard Beasley,8197361395
Richard Beene,7498668967
Richard Casson,8375642790
Richard Clements,8824729846
Richard Gullo,7797194282
Richard Perez,7030087182
Richard Sullivan,8371816598
Richard Thacker,7942129256
Rick Smith,7968882860
Robert Bright,9585613934
Robert Davis,7837875139
Robert Faulds,6824613024
Robert Flaherty,8040108374
Robert Harvey,8416602148
Robert Hayashi,8727634085
Robert Knauss,6957139928
Robert Larimer,9931580943
Robert Lawrence,9608644494
Robert Lechner,7915746268
Robert Mattocks,7103023771
Robert Mcsorley,6820840028
Robert Mcswain,9462419398
Robert Phillips,9713940623
Robert Pratt,7674594872
Robert Pratt,7674594872
Robert Rubins,7022787390
Robert Strayer,7538284593
Robert Tanner,9291720880
Robin Coy,9987673514
Robin Flowers,8588733376
Robin Gray,6808210791
Robin Hall,7293293451
Robin Maxwell,8486009408
Rochelle Hilsinger,8775234313
Rocky Williams,9848673988
Roger Culver,7654422907
Roger Silva,9657468869
Ronald Compton,8378396990
Ronald Curtis,9364130598
Ronald Kenne,9514001946
Ronald Owens,9107466175
Ronald Serano,7450752438
Rory Wallace,6718680616
Rosalina Byrom,7108140751
Rose Dorf,6803284409
Rose Gilbert,8083190207
Rosella Bradley,8555757549
Ross Johnson,7365646994
Roy Flores,8663603548
Ruby Bergman,9976134621
Ruby Canclini,8993252737
Ruby Hawkins,9015157958
Ruby Paul,9230723055
Russel Reine,8154151485
Russell Ruschmeyer,9895016375
Ruth Fung,9880720310
Ruth Milligan,9138401198
Ruth Posey,7180268425
Ryan Lapointe,8694497738
Ryan Rhodes,8243622182
Ryan Sadler,7233245433
Sally Hyde,8656789458
Sally King,7346857768
Sally Skowron,9795864407
Sandra Cherry,8805623759
Sandra Simpson,8581932229
Sandra Wyatt,7012946172
Sandy Albury,8292323255
Sandy Stewart,8996360214
Sara Collymore,9908444146
Sara Odell,9491633926
Sarah Buster,9110704906
Sarah Rico,6846097697
Sarah Wiltshire,7433904551
Shameka Lamm,8177144652
Shan Cuellar,6884268657
Shana Locklear,9458293702
Shannon Deen,7593185914
Sharon Barrett,6784062897
Sharon Hawk,7526595770
Sharon Lim,8627525324
Sharon Pawloski,8942906037
Sharon Russell,9700270558
Sharon Waldvogel,6832237917
Sharyl Purcell,8196738378
Shawn Curry,8416608564
Shawn Dowell,8624206576
Sheila Dotson,7524185986
Sheila Jones,6951009178
Sheila Lloyd,8046330565
Sheila Mahn,9478596207
Sheila Shemwell,7154138857
Shelby Sturm,8143622400
Shelia Rothrock,9473614309
Shirley Hamlet,7502684729
Simone Haider,9263524019
Simone Taylor,6784526325
Sonia Franklin,8375003626
Sonya Johnson,9515895272
Sonya Mastroianni,9073581403
Stacy Burns,7362768613
Stephanie Crane,6694674413
Stephanie Hough,9975119438
Stephen Bennett,6893150378
Stephen Rodriguez,9623250898
Stephen Verhaag,7006929408
Steve Osborn,7038873444
Steven Goods,8997777400
Steven Kavanagh,8122019376
Steven Maguire,9773480503
Steven Smith,9107029401
Sue Overmyer,9037121692
Sun Evans,7570088390
Susan Bryce,7804229955
Susan Graves,8347026421
Susan Harrell,9143307198
Susan Johnson,8610650566
Susan Key,7886684167
Susan Mott,9577456040
Susan Reeves,8423204308
Susan Rodriquez,6754975170
Susan Williams,9376648204
Suzanna Johnson,8790096479
Sylvia Hughes,9466030504
Tabitha Ziegler,7095799398
Tamara Gower,8194225792
Tammie Brooks,7437714684
Tammie Clifton,7546143685
Tammy Catron,7217227404
Tara Taranto,8782393116
Tara Walters,9558086072
Teresa Fowler,9200994716
Teresa Wilson,6782314063
Teresa Zimmerman,7710409228
Terri Vincent,8988162047
Terry Dahle,7732575629
Terry Landfried,9727399143
Thea Mckinney,8820453055
Thelma Turner,9190993528
Theresa Heard,9131904450
Theresa Potts,6965500600
Thomas Hall,8258881825
Thomas Hipple,6723015138
Thomas Inman,6673393960
Thomas Schultz,7234520403
Tiffany Boucher,7140304617
Tiffany Brown,8932610026
Tiffany Cook,9717812229
Tiffany Mai,9646011825
Tiffany Nelson,6882686435
Tiffany Skeen,7954911294
Timmy Johnson,8925721739
Timothy Hutchinson,9863699153
Timothy Mullins,7323313314
Timothy Robertson,7322708900
Timothy Thomas,6852642068
Tina Mccaskill,7772952488
Tom Firestone,6857963094
Tommy Waldren,6904100772
Tonda Taylor,7147891915
Tony Baldwin,8891257351
Tony Gilmore,9243964464
Tracey Gomez,9005458070
Tracy Woods,9301300505
Travis Lerman,8300380419
Travis Williamston,9358464729
Treva Platt,7743460386
Trinity Lawrence,8164659521
Trudie Shearin,9184152571
Van Bartley,7541368536
Van Copenhaver,7128300601
Vanessa Brandes,9340162316
Velma Hodges,9761484850
Vicki Moore,8881369839
Victoria Fulton,9997071944
Victoria Mecca,7242633429
Vincent Kroon,9553619074
Vincent Mora,8390267756
Violet Mahurin,9320271311
Virginia Evans,7481566044
Virginia Giese,7953492468
Vivian Parks,7353801835
Walter Butler,7395798159
Walter Tanner,8615129718
Wanda Burgess,6756498235
Wanda Norwood,8837318880
Warren Roberts,7434914297
Warren Smith,8778694740
Wayne Whitmire,7086916843
Wendy Madison,9262531515
Whitney Burks,8445615362
Wilda Simpson,8534927085
William Alderson,7123403022
William Ferguson,6840193646
William Glancy,8545802168
William Gooden,9025700607
William Gross,7412524667
William Johnson,6951705785
William Lawson,7198447982
William Opteyndt,7232553356
William Richardson,8465422242
William Scoggins,9317024108
William Thomason,8943199172
William Wagner,8031607067
William Wald,9268161220
Willie Gallegos,9035074093
Willis Clynes,8437718425
Wilma Pickens,7716632918
Winifred Camacho,9255754767
Winnie Leach,8705570484
Yolanda Porter,8477086086
Yolande Villa,7766080921
Yun Winograd,9327546463
Yvette Trippel,6867720207
Zachary Duncanson,9661380103
Zachary Hendry,9311084883
Zachary Hendry,9311084883
;,�ʿucUAaron Bullinger,8767699845
Aaron Hamilton,8488798339
Aaron Hodges,7310106447
Aaron Sands,7156827109
Abbie Guevara,6786700694
Adam Hebert,9997639062
Adam Morgan,7430948004
Adan Brogan,9435810197
Adeline Smitherman,6711289768
Adrienne Fleischmann,7676573278
Agatha Snedegar,6707831233
Aileen Ashbrook,7691103063
Alaina Kuhr,6948430536
Alan Lewis,9952195393
Alan Scott,7947263214
Albert Reveal,6933051672
Alexandra Brown,6877316895
Alexis Hernandez,9458322476
Alfredo Lebel,9474665980
Alia Petitti,8752872826
Alice Almond,7260063910
Alice Buchner,9628848349
Alice Mcauley,9918691898
Alice Vella,7816263217
Alicia Best,9522301548
Allen Morales,7782146157
Allen Trimpe,9716177768
Alonzo Burr,7683096370
Alpha Hernandez,7198576455
Alton Kirkpatrick,7742143489
Alton Zwilling,8124602571
Alyce Herrera,9380207825
Amanda Bacon,6953525098
Amanda Rustrian,6902888093
Amber Henry,8443130573
Amy Richter,7665926883
Ana Chun,8301538470
Andrew Dampeer,9535103407
Andrew Faron,6860225206
Andrew Fields,9136060551
Andrew Hanson,6986503592
Angela Chow,8310268244
Angela Mcclinsey,9117766558
Angelina Shakir,8196845026
Angeline Hale,6844647290
Ann Schwalbe,8938400505
Ann Shuler,9423251459
Anna Seifert,7498272784
Anne Damron,8896282418
Annette Lopez,9051162541
Annie Kaiser,6970876113
Anthony Dunneback,7192921313
Anthony Johnson,9333792917
Anthony Lee,7232763126
Anthony Phillips,9006849978
Anthony Snyder,9434569466
Antonio Harper,8302691065
Antonio Wellman,7553704147
Arlen Mitchell,7350912861
Arlie Smith,7502066945
Arnold Edemann,9751504557
Aron Denham,7171797531
Arthur Ferrara,8180255905
Arturo Posey,6682936669
Ashley Murphy,8997610059
Austin Edwards,7802928037
Austin Shaw,9262530893
Autumn Rideau,7562076236
Ava Freiler,8934120693
Barbara Bennett,7395553326
Barbara Crossley,8710454868
Barbara Friedman,7581192265
Barbara Hart,8636280124
Barbara Hewitt,8153778752
Barbara Isbell,6910243962
Barbara Mason,9927581729
Barbara Powel,9541141129
Barbara Turner,7120941065
Barbara Watkins,9714497014
Barbara Whittmore,6753879905
Barbara Wiese,9677072347
Barney Diego,7150218875
Bart Sibbett,9866151316
Beatrice Nance,7486834141
Beatrice Salazar,7967624531
Ben Brain,9992001923
Benjamin Bates,8911174383
Bernice Berube,8372399088
Bertha Johnson,7094859203
Bessie Strider,9217498569
Beth Gonzales,7390020496
Betsy Demski,8347016541
Betty Babb,9578776136
Betty Carr,7576124281
Betty Davis,6660896320
Betty Feldman,8627243148
Betty Hogsett,8667488497
Betty Wilson,6980375565
Beverly Luce,7671115686
Beverly Schwandt,9136691672
Beverly Williams,9897395788
Bobby Freeman,7425564256
Bobbye Mendoza,8821610732
Bonita Johnson,9176947994
Bonnie Ames,9374169001
Bonnie Palmer,8121867518
Brad Wray,7114621441
Brady Farmer,9047717153
Branden Fernandez,8128078894
Brandon Cranford,6842732912
Brandon Madruga,8182831802
Brandy Eldredge,7744478099
Brenda Etkin,9184295046
Brenda Nguyen,7558802102
Brian Baker,6935333631
Brian Clemons,7030137750
Brian Hiller,9294255929
Brian Mccormick,8921223295
Brice Lee,7326787906
Bridget Burke,8955166193
Bruce Blanchard,8831779028
Bruce Roscoe,8044899462
Buddy Campbell,7608679921
Burl Yazzie,9027659494
Carl Ferguson,8362317995
Carl Kennedy,9320317228
Carl Zamarripa,9818452399
Carla Erickson,8673059676
Carlos French,7401876929
Carmella Cosby,9540562970
Carmen Jimenez,8742527706
Carmon Delzer,7923191457
Carole House,9518640342
Caroline Hall,8221410919
Carolyn Dixon,7262285901
Carolyn Gonzalez,8383072226
Carolyn Norgard,8661153147
Carolyn Wilson,8810557025
Cary Davis,9937606471
Cathrine Poblete,9728479441
Cecil Kelley,8691077525
Cecile Bates,7187800380
Cecile Ellington,8484433409
Celina Makin,7554420328
Cesar House,7702199866
Charles Barragan,8655599522
Charles Cole,8726621253
Charles Davis,9477965968
Charles Greenwood,7835821438
Charles Hatch,8907432793
Charles Hutchingson,7620836930
Charles Mccain,8052771594
Charles Mercier,7765863321
Charles Poole,7911101310
Charles Roman,8995593133
Charlie Lance,7753933768
Cheryl Amos,7216534598
Cheryl Ballard,6866486059
Cheryl Larsen,7283378130
Chris Ford,9582334940
Chris Kump,7831150891
Chris Lane,9167182233
Christie Jarrell,7603791528
Christina Kettler,9645360777
Christine Kennedy,8830392744
Christine Sharpe,6764910640
Christopher Adams,9314230358
Christopher Casey,7080739213
Christopher Depriest,9427898695
Christopher Nelson,7325366646
Cindy Blackmer,8354014114
Cindy Finley,8628766602
Cindy Thompson,8607985241
Claire Williams,9772272837
Clay Hess,9057717505
Clifford Hensley,7926712147
Clifford Windly,8137167759
Colby Showman,8738541654
Connie Hale,8616714658
Constance Washington,9267408671
Cornelia Beattie,8990303179
Craig Thompson,8090814557
Crystal Blakney,8777197332
Curtis Lavine,8913141574
Cynthia Crawford,9084411143
Cynthia Garkow,8031196446
Cynthia Phelan,7690761376
Cynthia Severance,7485175254
Cynthia Welch,7226892574
Daisy Crain,9087420826
Damien Suarez,8427369029
Daniel Bernardo,8757735735
Daniel Brocklehurst,8635105797
Daniel Crumpton,8945082931
Daniel Holloway,9686872973
Daniel Hunt,8776708918
Daniel Simmons,9436650247
Danny Pitcherello,9376563856
Darrell Boonstra,9647374283
Darrell Rodriquez,7880401603
Daryl Deveau,6886796208
David Akin,7815652237
David Broome,6983157660
David Elston,6695041996
David Gribbin,7106151904
David Howerton,8931872930
David Jaramillo,7487336624
David Johnston,9882332158
David Lopez,8155393889
David Mcfarland,9367723420
David Phelan,6673182002
David Rhudy,9796139638
David Rodriguez,6718888268
David Santiago,7922482882
David Shelton,8921501784
David Simpson,7247767612
David Stearns,7958443461
David Valencia,7100203645
Dawn Bush,6721264312
Dawn Roberts,8650454449
Dean Maddox,6698217164
Deana Guyer,8277009449
Deanna Fabian,9584410894
Deborah Guerra,9698549971
Debra Foreman,7068636107
Debra Ruder,7048317296
Debra Wasson,8522374662
Denice Palmer,7455268124
Denise Mcgeorge,9817150858
Dennis Castillo,8073066005
Dennis Crandell,9256918005
Dennis Jones,9078283336
Dennis Tapia,8882387927
Derrick Johnson,9167642893
Dewey Campbell,7391452473
Diane Bailey,8035869905
Diane Glenn,9646525696
Diane Poston,6747500671
Dirk Carlson,6736622704
Dolly Ortiz,9464121248
Donald Bates,6771743178
Donald Brown,8951301417
Donald Johnson,9381703317
Donald Post,7303599050
Donald Rashid,7597353161
Donald Siddall,9821543148
Donna Book,7657339827
Donna Derentis,7887708789
Donna Pearson,9345165880
Donna Przedwiecki,7063771475
Donna Strouse,7725523117
Doris Lora,9681347038
Dorothy Harmon,8714672598
Dorothy Shepard,9725799041
Dorothy White,7426526923
Dorothy Wilke,9423319494
Dorothy Wilson,8042592074
Douglas Garza,8318245777
Douglas Harris,6773144028
Douglas Jones,8033927291
Douglas Kochevar,8928102092
Duane Gardner,8618248840
Dulcie Parker,7334391620
Dustin Hicks,7421917846
Dwight Donohue,9868389380
Dwight Garcia,9706482549
Earl Mader,7924135361
Earline Thompson,8806232482
Edgardo Frost,7230485905
Edna Figueroa,8256393627
Edna Mitchell,8633371542
Edward Bailey,9288525792
Edward Johnson,8063018630
Edward Priolo,9907732766
Edward Rothrock,6941655254
Edwin Bennett,9542896894
Elbert Mcfaddin,9495632374
Elinor Viesselman,7504817749
Elizabeth Lundberg,7831959683
Elizabeth Oswalt,9914844409
Elizabeth Parsons,9993453306
Ella Washington,9133837872
Elmer Roberts,6700933242
Elna Dixon,7862018220
Eloise Ganey,9573079089
Elsie Perdue,7027145622
Elvira Sparks,9291155857
Emilio Simon,9562758457
Eric James,6874261375
Eric Johnson,8344725922
Eric Montgomery,9315010561
Erin Hibbard,6855845109
Ernestine Gutierrez,8597073716
Estrella Owston,8420517307
Ethel Kirchoff,7503970226
Ethel Wester,8746406234
Eugene Lattea,9940713722
Eugene Rodriguez,9450536893
Eva Ellenberger,9172570203
Eva Harvey,8838568389
Eve Ashford,9361592182
Eve Bridgeman,6897566969
Evelyn Mccullough,8304612903
Felecia Wynia,7767574981
Flora Weathers,7898424805
Florence Arnold,7531023874
Florence Pacheco,8786130573
Florence Robinson,6992437124
Florentina Radune,8271223846
Frances Chaney,7211523417
Frances White,8250421584
Frank Adkins,8166061356
Frank Coates,6695783427
Frank Kincaid,9678135286
Frankie Caplan,8534160843
Fred Burnham,8383863030
Fred Fernandez,8430246092
Fred Keegan,8627670295
Frederick Maass,7395365660
Fredrick Shakin,7630604013
Garland Sheroan,7643986251
Gary Kunkel,7125156489
Gary Oles,8836032220
Gary Skidmore,9917509264
Gary Walton,9911878179
George Oliver,6837086836
George Sheffield,9837573773
George Vigil,8652592369
Georgia Mason,9097284229
Georgianna Cornett,6907271706
Gerald Greene,9083203393
Gerald Rega,8572211235
Geraldine King,7183751674
Gerardo Bullard,9305874149
Gilbert Guthrie,9361391104
Gina Edmisten,8868204110
Gina Riesner,8234501700
Glenn Farr,6791889612
Glenn Golding,9114482058
Glenn Hammonds,9917729524
Grace Douds,8955548326
Grace Kummer,8403506651
Grace Wittner,9156796525
Gregg Boggioni,7721347763
Gregory Kaltz,6926254608
Hallie Sipos,9438658451
Hannah Bone,7750454657
Harlan Mohr,9446824571
Harold Adams,9385651601
Harry Ware,7080604690
Haywood Banks,9221720596
Heather Bloodworth,8831727418
Heather Schneeman,9211183371
Hector Capozzoli,6665401844
Hector Loew,8868445611
Hector Mccormick,8468868133
Heidi Johnson,9012127215
Helen Cook,8132060696
Helen Cunningham,8780883008
Helen Hunt,6927116177
Henry Bailey,9351751040
Henry Roberts,7848259101
Herbert Hernandez,9510257382
Hillary Drozd,7552307536
Hilton Mcgraw,7861260089
Howard Bergesen,8560275293
Hubert Morgan,7481803233
Humberto Lipscomb,8236834171
Ida Brown,9678554834
Ida Faley,6725043051
Ida Reif,8040016796
Ina Hall,7514580276
Iris Goodwin,8871052479
Irwin Vernon,8832992614
Isabelle Nickerson,8131420456
Ivory Adkins,9721239694
Ivory Popovich,7454214470
Ivy Davidson,9243101643
Jack Andrews,7994173761
Jack Beck,7566837688
Jackie Delarosa,8248698943
Jacob Ferra,7433989975
Jacob Hawkins,7993883881
Jacob Schaefer,9301020070
Jacqueline Byrd,8640953576
Jamaal Reeves,7886224277
James Booth,7585082505
James Clapham,7002390788
James Green,7148583408
James Hosick,8940456590
James Ledet,7083581006
James Monroe,6796420236
James Raines,8226312290
James Sanges,7457495461
James Smisek,7330442396
James Snowden,6701275800
Jamie Whipple,8338036367
Janet Villa,6883441727
Jasmine Sparkman,7314496875
Jason Chrisco,9363862600
Jason Hale,8045531507
Jason Mckinnon,9206354545
Jason Scott,8352803948
Jason Stewart,9015385959
Jean Ballard,7786937491
Jean Pack,8623954560
Jean Steuer,7751260243
Jeanetta Mandujano,8497605764
Jeanine Little,8935342292
Jeanne Gibson,8535878583
Jeff Lindblom,9804604798
Jeffrey Bass,7455285927
Jeffrey Johnson,9592749783
Jeffrey Robbins,8557486166
Jeffrey Romero,9896867608
Jeffrey Shepherd,9104439070
Jeffrey Spencer,7197915782
Jennifer Conley,8225414582
Jennifer Nivens,9044137305
Jennifer Starkey,7202969431
Jennifer Wood,9381512039
Jerald Lynn,7506235096
Jeremy Barnette,8092866493
Jeremy Christensen,6718744960
Jeremy Harrison,8917265891
Jerrod Miera,6891861605
Jerry Eash,9631425838
Jerry Griffin,9121150653
Jerry Mcpherson,7562885088
Jerry Silvers,8066334553
Jesse Manning,9976747388
Jessica Cannon,7738435901
Jessica Lewis,9357562907
Jessica Robinson,9665934391
Jessica Solarz,8290169802
Jessica Sykes,7975491127
Jessica Szczesny,6684955799
Jessie Dolfi,9783252119
Jessie Haught,6904140577
Jessie Katz,9296958774
Jimmy Griffith,9241026330
Jo Christopher,8717196904
Jo Gadsden,7743451407
Joan Oneill,7695569246
Joanna Hayden,8202222196
Jody Marshall,8213474556
Joe Debartolo,8600666952
Joe Lee,9955048939
Joe Rady,6988520717
Joel Benavides,9420108038
Joel Gandy,7393374679
Joey Almond,6933202533
John Chadwell,7956944334
John Evans,9887334713
John Guevara,9207235810
John Larson,7892715421
John Reber,8251768246
John Taylor,8945414660
John Watts,7446723274
John Wilson,6963660980
Johnna Khalid,7271459334
Johnny Sheehan,7387979489
Jon Aguilar,9266761343
Jonathan Brown,8878343977
Jonathan Burkholder,7484632802
Jorge Monroy,7081610275
Jose Dwaileebe,7962638712
Jose Fenwick,7282163635
Jose Howard,8646906448
Jose Law,9088181456
Jose Rodrigez,9515195206
Jose Wichmann,8524189518
Joseph Burtner,8932246431
Joseph Casey,9076915582
Joseph Curry,8713054396
Joseph Gustin,8767134962
Joseph Merritt,9791920292
Joseph Rodriguez,6863457415
Joseph Rowden,8585587122
Joseph Valdez,6894257089
Joshua Jones,9000622561
Joshua Quezada,8226081840
Joshua Sanchez,9120909593
Joshua Wolfe,8680883299
Josie Powell,7040906068
Joy Ryan,8565100378
Juan Geer,8170432742
Juan Homan,9023855082
Juana Bartley,8918350364
Juana Reilly,7957116269
Juanita Vaughn,9354510300
Juanita Williams,9403473537
Judith Juarez,7291811318
Judith Perez,6684280240
Judy Veltre,9082212508
Julia Wasmer,7860790689
Julie Lavoie,8396360571
Julius Hunt,7440063515
June Walker,8010907907
Justin Dillard,8753457203
Justin Grosso,8102808779
Justine Deleon,9007978086
Karen Skinner,9605690930
Katherine Chumley,9464907677
Katherine Joyner,8661213560
Katherine Marshall,8744007550
Katherine Strickland,7484135268
Kathie Gibbs,8423937079
Kathleen Holmes,6888608063
Kathleen Peatross,7653289509
Kathy Moore,7666154360
Kathy Owston,6900927442
Kathy Wolff,9616602761
Keith Bicknell,8713542182
Keith Matthews,7284758543
Kelly Dang,7033267300
Kelly Finkle,9135187728
Kelly Hale,9138626793
Kelly Hayes,8164204410
Kelly Sowder,9798654992
Kelly Webster,9336245498
Kelvin Wilson,9666584161
Kendra Kenkel,6813382227
Kendra Young,8087404727
Kenneth Brown,9606674038
Kenneth Coley,8661963643
Kenneth Faustini,7512751699
Kenneth Fernandez,9524023328
Kenneth Pouncil,8312721732
Kermit Downs,8681689227
Kevin Bennett,8800984556
Kevin Perez,8986581314
Kevin Stephenson,6968191005
Kimberly Martinez,9986681070
Kimberly Roberson,9670635284
Kimberly Welk,7083566844
Kristy Powers,8263830736
Kyle Pirrone,7836574774
Lamar Beltrami,8982578223
Lane Korsmeyer,7408263847
Larry Brown,8525821319
Larry Hogan,8092692995
Larry Mullins,7117193385
Latasha Iribarren,8714864767
Laura Hurst,9926887336
Lavon Smith,9880430713
Lawrence Centeno,9174147419
Lawrence Jackson,9875926796
Lawrence Mcmasters,7756064261
Lawrence Polite,8367305622
Lawrence Steadman,6732806884
Leila Paramo,7722607567
Lela Shaw,9584500404
Leon Regalado,9685663233
Leon Vernon,8363188556
Leon Wheelock,9927807249
Leonard Anderson,8750540795
Leonard Hope,9677287350
Leonard Kelley,8937251766
Lesa Dupree,8001938887
Leslie Duckworth,9555550634
Leslie Wilson,9046794316
Lewis Cleckner,8068519893
Lillie Gates,8628871344
Linda Brantley,8277647320
Linda Cormier,9814197314
Linda Davison,6953664970
Linda Haar,8124742639
Linda Pearson,8997709294
Linda Perkins,6705627490
Linda Thomas,7224312468
Linda Zeringue,9657938393
Lindsay Furlong,7712205033
Lino Robinson,7670104697
Lisa Thomas,7646539533
Lois Crump,8637175562
Lois Joosten,9771895005
Lola Gray,9855917480
Lonnie Ham,9502439980
Lora Schradle,9417894091
Lori Ledbetter,7637051410
Lorraine Campbell,9706920573
Lucas Wallace,7612603281
Lucy Burrell,7028779042
Luis Bova,7273966104
Luis Hausman,9801354789
Lula Chouteau,8681982827
Luther Moody,7405128998
Lyla Hill,6808112881
Lyman Friou,8381785237
Lynda Griffey,9084722808
Lynn Adams,9051309458
Mabel Heelan,9986791012
Madeleine Ellis,7210281195
Madeline Pera,7457293057
Madeline Reardon,7490995947
Maggie Albrekht,8081283222
Majorie Clark,7340672756
Mandy Lynch,9312470759
Manuel Dow,6831359902
Manuel Freeze,8735040495
Manuel Kingsbury,9772275383
Marco Davis,8656330569
Margaret Fleury,8487059274
Margaret Halpin,9725084334
Margaret Hight,7480420278
Margarito Preston,8300823714
Mari Lahr,8522314702
Maria Austin,8473193914
Maria Berry,7931807992
Maria Lamey,7704341143
Maria Mehtani,7915182972
Maria Syrett,8028234448
Maria Tart,9597033594
Marilyn Rentschler,8147567002
Marina Washington,6891494720
Mario Cullinan,7467140762
Mario Fedele,8738629495
Marion Dunnings,9058870692
Marion Stone,7115421330
Marisol Reitz,9000048284
Marjorie Mccormick,7410978358
Marjorie Saldana,8514366428
Mark Carlin,8795038061
Mark Maxwell,7476080875
Mark Mcanulty,7741073742
Mark Price,9916392019
Marshall Gross,9806071628
Marta Hawkins,8428512495
Martha Bailey,9403816495
Martha Kerrigan,9158193771
Martina Schmelz,7272858494
Mary Bushee,6826006206
Mary Butcher,9824140095
Mary Cunningham,8810586140
Mary Dawson,7873713351
Mary Dolan,7547690522
Mary Dorrance,8243409233
Mary Ellis,9595895707
Mary Engelhart,7591145082
Mary Hester,7755404705
Mary Lee,8978294440
Mary Meyers,8146778226
Mary Nalevanko,7155966115
Mary Rainwater,6986202647
Mary Ryan,7411713495
Mary Smith,8341035774
Mary Tedder,7833737312
Mary Transue,7805268861
Mary Uribe,9250282338
Mary Washington,7426057444
Mary Wood,9642302794
Mary Woods,8288022579
Mary Yahna,6683829603
Maryjo Macek,7911863033
Matthew Allen,9186207807
Matthew Kahler,9451300222
Matthew Mitchell,8425586574
Matthew Riddick,7446685336
Mauricio Adams,9541311585
Mauro Watkins,7546336272
Maxine Raschke,7698270702
Megan Helgeson,8722438580
Melinda Carr,8340743012
Melissa Dadson,8162769454
Melissa Levine,9143944271
Melissa Roberge,9595747308
Michael Allen,9302060768
Michael Baldridge,8480525767
Michael Chavez,7342968730
Michael Harding,6775932972
Michael Helwig,8438782401
Michael Hernandez,7451356400
Michael Horka,7071289376
Michael Howard,9503159960
Michael Jones,6928048692
Michael Lofton,8756938150
Michael Parker,8891204243
Michael Porter,9840252830
Michael Rossin,6743630380
Michael Rutland,7497326373
Michael Schenk,7721183732
Michael Scholl,8785020946
Michael Scott,8854413966
Michael Villagomez,9683384020
Michael Warnke,6775890482
Micheal Bradley,8240863900
Micheal Nakagawa,8312456302
Michele Pichette,9580824043
Michelle Callihan,7191821971
Michelle Pitcock,7035749060
Michelle Woodard,8186264800
Mike Elliott,9378094686
Mike Trujillo,9167354825
Mildred Ferdig,6868642757
Mildred Maxwell,8775012373
Mildred Schusterman,9797234267
Miles Badger,9275399932
Milton Caldwell,8227657181
Minnie Smith,7068054967
Mirna Burnett,8816679446
Missy Cole,9807541317
Mitzi Millsap,7716275140
Monica Alexander,9150204791
Monica Estrella,9960372402
Monica Olivero,9727517792
Monique Gibson,7780844415
Muriel Jordan,9055187528
Nancy Boyd,9868062440
Nancy Bryant,7643737378
Nancy Cruz,7055389467
Nathalie Scholler,9825019770
Neil Brown,9337108646
Neil Martin,7290908695
Nellie Valdez,9006677109
Nelson Sims,8012755854
Nereida Roark,9524443712
Nicholas Cain,8492705080
Nicholas Martin,7754167257
Nicholas Venhorst,9262688899
Nick Moran,8493790243
Nicolas Norrick,6862090835
Nicole Miller,8093228116
Nicole Myers,7604972997
Nicole Ziegler,8463547939
Nikki Boshart,8885055406
Norma Conley,9491319680
Norma Nelson,7883645635
Norma Pugliares,8444515326
Norman Darrin,9020393630
Oliver Fulop,8358021601
Pamela Black,6997495915
Pamela Duryea,8448274144
Pamela Finnegan,7705325643
Pamela Maciasz,7487640547
Patricia Benninger,8084669380
Patricia Clopton,9182179510
Patricia Dukes,8180692207
Patricia Gatling,9060162227
Patricia Marcus,9417188370
Patricia Nguyen,9655980336
Patricia Watt,7903598037
Paul Asbury,7590363227
Paul Brown,7578302346
Paul Mattingly,7864231182
Paul Mccrystal,8357544303
Paul Mcdonald,7840869315
Paul Miller,8283741002
Paul Stark,8548541768
Paul Wooten,9528481180
Paulina Neely,8902830358
Pedro Krammes,9571663215
Peggy Inciong,8515789915
Peggy Lozano,8485807581
Peggy Reed,8092108577
Peggy Robinson,8402394139
Perry Parnell,9531455502
Peter Simmons,9348644664
Peter Stinett,7350975165
Peter Walden,8913839715
Peter Williams,7622309226
Phillip Horan,8644396791
Phoebe Fuchs,7845149453
Racheal Ries,8857560421
Rae Fournier,8202877108
Rafael Nordin,8602900402
Ralph Ferraro,9166551246
Ralph Moe,8945805576
Ralph Moore,7361226592
Ramona Vanhoose,9828578010
Randall Clark,9126384178
Randall Spanton,9362037300
Randy Cannon,6815171625
Randy Crafford,6723911818
Raven Slack,7873323828
Ray Prentice,8447883423
Raymond Hines,6817120241
Rebekah Smith,8121423059
Regina Laigle,9718367914
Reginald Agustin,8865090953
Reginald Johnson,8812869958
Reginald Messersmith,6723081551
Renee Kampa,6948491236
Richard Beasley,8197361395
Richard Beene,7498668967
Richard Casson,8375642790
Richard Clements,8824729846
Richard Gullo,7797194282
Richard Perez,7030087182
Richard Sullivan,8371816598
Richard Thacker,7942129256
Rick Smith,7968882860
Robert Bright,9585613934
Robert Davis,7837875139
Robert Faulds,6824613024
Robert Flaherty,8040108374
Robert Harvey,8416602148
Robert Hayashi,8727634085
Robert Knauss,6957139928
Robert Larimer,9931580943
Robert Lawrence,9608644494
Robert Lechner,7915746268
Robert Mattocks,7103023771
Robert Mcsorley,6820840028
Robert Mcswain,9462419398
Robert Phillips,9713940623
Robert Pratt,7674594872
Robert Pratt,7674594872
Robert Rubins,7022787390
Robert Strayer,7538284593
Robert Tanner,9291720880
Robin Coy,9987673514
Robin Flowers,8588733376
Robin Gray,6808210791
Robin Hall,7293293451
Robin Maxwell,8486009408
Rochelle Hilsinger,8775234313
Rocky Williams,9848673988
Roger Culver,7654422907
Roger Silva,9657468869
Ronald Compton,8378396990
Ronald Curtis,9364130598
Ronald Kenne,9514001946
Ronald Owens,9107466175
Ronald Serano,7450752438
Rory Wallace,6718680616
Rosalina Byrom,7108140751
Rose Dorf,6803284409
Rose Gilbert,8083190207
Rosella Bradley,8555757549
Ross Johnson,7365646994
Roy Flores,8663603548
Ruby Bergman,9976134621
Ruby Canclini,8993252737
Ruby Hawkins,9015157958
Ruby Paul,9230723055
Russel Reine,8154151485
Russell Ruschmeyer,9895016375
Ruth Fung,9880720310
Ruth Milligan,9138401198
Ruth Posey,7180268425
Ryan Lapointe,8694497738
Ryan Rhodes,8243622182
Ryan Sadler,7233245433
Sally Hyde,8656789458
Sally King,7346857768
Sally Skowron,9795864407
Sandra Cherry,8805623759
Sandra Simpson,8581932229
Sandra Wyatt,7012946172
Sandy Albury,8292323255
Sandy Stewart,8996360214
Sara Collymore,9908444146
Sara Odell,9491633926
Sarah Buster,9110704906
Sarah Rico,6846097697
Sarah Wiltshire,7433904551
Shameka Lamm,8177144652
Shan Cuellar,6884268657
Shana Locklear,9458293702
Shannon Deen,7593185914
Sharon Barrett,6784062897
Sharon Hawk,7526595770
Sharon Lim,8627525324
Sharon Pawloski,8942906037
Sharon Russell,9700270558
Sharon Waldvogel,6832237917
Sharyl Purcell,8196738378
Shawn Curry,8416608564
Shawn Dowell,8624206576
Sheila Dotson,7524185986
Sheila Jones,6951009178
Sheila Lloyd,8046330565
Sheila Mahn,9478596207
Sheila Shemwell,7154138857
Shelby Sturm,8143622400
Shelia Rothrock,9473614309
Shirley Hamlet,7502684729
Simone Haider,9263524019
Simone Taylor,6784526325
Sonia Franklin,8375003626
Sonya Johnson,9515895272
Sonya Mastroianni,9073581403
Stacy Burns,7362768613
Stephanie Crane,6694674413
Stephanie Hough,9975119438
Stephen Bennett,6893150378
Stephen Rodriguez,9623250898
Stephen Verhaag,7006929408
Steve Osborn,7038873444
Steven Goods,8997777400
Steven Kavanagh,8122019376
Steven Maguire,9773480503
Steven Smith,9107029401
Sue Overmyer,9037121692
Sun Evans,7570088390
Susan Bryce,7804229955
Susan Graves,8347026421
Susan Harrell,9143307198
Susan Johnson,8610650566
Susan Key,7886684167
Susan Mott,9577456040
Susan Reeves,8423204308
Susan Rodriquez,6754975170
Susan Williams,9376648204
Suzanna Johnson,8790096479
Sylvia Hughes,9466030504
Tabitha Ziegler,7095799398
Tamara Gower,8194225792
Tammie Brooks,7437714684
Tammie Clifton,7546143685
Tammy Catron,7217227404
Tara Taranto,8782393116
Tara Walters,9558086072
Teresa Fowler,9200994716
Teresa Wilson,6782314063
Teresa Zimmerman,7710409228
Terri Vincent,8988162047
Terry Dahle,7732575629
Terry Landfried,9727399143
Thea Mckinney,8820453055
Thelma Turner,9190993528
Theresa Heard,9131904450
Theresa Potts,6965500600
Thomas Hall,8258881825
Thomas Hipple,6723015138
Thomas Inman,6673393960
Thomas Schultz,7234520403
Tiffany Boucher,7140304617
Tiffany Brown,8932610026
Tiffany Cook,9717812229
Tiffany Mai,9646011825
Tiffany Nelson,6882686435
Tiffany Skeen,7954911294
Timmy Johnson,8925721739
Timothy Hutchinson,9863699153
Timothy Mullins,7323313314
Timothy Robertson,7322708900
Timothy Thomas,6852642068
Tina Mccaskill,7772952488
Tom Firestone,6857963094
Tommy Waldren,6904100772
Tonda Taylor,7147891915
Tony Baldwin,8891257351
Tony Gilmore,9243964464
Tracey Gomez,9005458070
Tracy Woods,9301300505
Travis Lerman,8300380419
Travis Williamston,9358464729
Treva Platt,7743460386
Trinity Lawrence,8164659521
Trudie Shearin,9184152571
Van Bartley,7541368536
Van Copenhaver,7128300601
Vanessa Brandes,9340162316
Velma Hodges,9761484850
Vicki Moore,8881369839
Victoria Fulton,9997071944
Victoria Mecca,7242633429
Vincent Kroon,9553619074
Vincent Mora,8390267756
Violet Mahurin,9320271311
Virginia Evans,7481566044
Virginia Giese,7953492468
Vivian Parks,7353801835
Walter Butler,7395798159
Walter Tanner,8615129718
Wanda Burgess,6756498235
Wanda Norwood,8837318880
Warren Roberts,7434914297
Warren Smith,8778694740
Wayne Whitmire,7086916843
Wendy Madison,9262531515
Whitney Burks,8445615362
Wilda Simpson,8534927085
William Alderson,7123403022
William Ferguson,6840193646
William Glancy,8545802168
William Gooden,9025700607
William Gross,7412524667
William Johnson,6951705785
William Lawson,7198447982
William Opteyndt,7232553356
William Richardson,8465422242
William Scoggins,9317024108
William Thomason,8943199172
William Wagner,8031607067
William Wald,9268161220
Willie Gallegos,9035074093
Willis Clynes,8437718425
Wilma Pickens,7716632918
Winifred Camacho,9255754767
Winnie Leach,8705570484
Yolanda Porter,8477086086
Yolande Villa,7766080921
Yun Winograd,9327546463
Yvette Trippel,6867720207
Zachary Duncanson,9661380103
Zachary Hendry,9311084883
Zachary Hendry,9311084883
