names,phone1
James Butt,504-621-8927
Josephine Darakjy,810-292-9388
Art Venere,856-636-8749
Lenna Paprocki,907-385-4412
Donette Foller,513-570-1893
Simona Morasca,419-503-2484
Mitsue Tollner,773-573-6914
Leota Dilliard,408-752-3500
Sage Wieser,605-414-2147
Kris Marrier,410-655-8723
Minna Amigon,215-874-1229
Abel Maclead,631-335-3414
Kiley Caldarera,310-498-5651
Graciela Ruta,440-780-8425
Cammy Albares,956-537-6195
Mattie Poquette,602-277-4385
Meaghan Garufi,931-313-9635
Gladys Rim,414-661-9598
Yuki Whobrey,313-288-7937
Fletcher Flosi,815-828-2147
Bette Nicka,610-545-3615
Veronika Inouye,408-540-1785
Willard Kolmetz,972-303-9197
Maryann Royster,518-966-7987
Alisha Slusarski,732-658-3154
Allene Iturbide,715-662-6764
Chanel Caudy,913-388-2079
Ezekiel Chui,410-669-1642
Willow Kusko,212-582-4976
Bernardo Figeroa,936-336-3951
Ammie Corrio,614-801-9788
Francine Vocelka,505-977-3911
Ernie Stenseth,201-709-6245
Albina Glick,732-924-7882
Alishia Sergi,212-860-1579
Solange Shinko,504-979-9175
Jose Stockham,212-675-8570
Rozella Ostrosky,805-832-6163
Valentine Gillian,210-812-9597
Kati Rulapaugh,785-463-7829
Youlanda Schemmer,541-548-8197
Dyan Oldroyd,913-413-4604
Roxane Campain,907-231-4722
Lavera Perin,305-606-7291
Erick Ferencz,907-741-1044
Fatima Saylors,952-768-2416
Jina Briddick,617-399-5124
Kanisha Waycott,323-453-2780
Emerson Bowley,608-336-7444
Blair Malet,215-907-9111
Brock Bolognia,212-402-9216
Lorrie Nestle,931-875-6644
Sabra Uyetake,803-925-5213
Marjory Mastella,610-814-5533
Karl Klonowski,908-877-6135
Tonette Wenner,516-968-6051
Amber Monarrez,215-934-8655
Shenika Seewald,818-423-4007
Delmy Ahle,401-458-2547
Deeanna Juhas,215-211-9589
Blondell Pugh,401-960-8259
Jamal Vanausdal,732-234-1546
Cecily Hollack,512-486-3817
Carmelina Lindall,303-724-7371
Maurine Yglesias,414-748-1374
Tawna Buvens,212-674-9610
Penney Weight,907-797-9628
Elly Morocco,814-393-5571
Ilene Eroman,410-914-9018
Vallie Mondella,208-862-5339
Kallie Blackwood,415-315-2761
Johnetta Abdallah,919-225-9345
Bobbye Rhym,650-528-5783
Micaela Rhymes,925-647-3298
Tamar Hoogland,740-343-8575
Moon Parlato,585-866-8313
Laurel Reitler,410-520-4832
Delisa Crupi,973-354-2040
Viva Toelkes,773-446-5569
Elza Lipke,973-927-3447
Devorah Chickering,505-975-8559
Timothy Mulqueen,718-332-6527
Arlette Honeywell,904-775-4480
Dominque Dickerson,510-993-3758
Lettie Isenhower,216-657-7668
Myra Munns,817-914-7518
Stephaine Barfield,310-774-7643
Lai Gato,847-728-7286
Stephen Emigh,330-537-5358
Tyra Shields,215-255-1641
Tammara Wardrip,650-803-1936
Cory Gibes,626-572-1096
Danica Bruschke,254-782-8569
Wilda Giguere,907-870-5536
Elvera Benimadho,408-703-8505
Carma Vanheusen,510-503-7169
Malinda Hochard,317-722-5066
Natalie Fern,307-704-8713
Lisha Centini,703-235-3937
